0004_03.png,0.031335156,0.0016122509,0.028910171,0.0018053084,0.61448467,0.070948124,0.29216605,0.070828155,0.033104017,0.0028140037,
0005_08.png,0.027173456,0.0015144143,0.03079933,0.0018898101,0.02241028,0.0011944458,0.85435534,0.01813139,0.06526165,0.015986145,
0008_01.png,0.017356938,0.0012695253,0.030120298,0.006432765,0.8188573,0.02680856,0.10486542,0.029208481,0.02880003,0.0022803673,
0011_02.png,0.8546419,0.011999734,0.07935991,0.0063015814,0.025769722,0.0058618826,0.020264747,0.0027533837,0.019963741,0.002176766,
0011_03.png,0.027041402,0.0017335204,0.023670996,0.0032221852,0.08815386,0.015319269,0.81542444,0.018295093,0.045709282,0.011962389,
0014_04.png,0.11545335,0.034925416,0.470846,0.03903785,0.36712137,0.06920337,0.019588392,0.0021785973,0.026990956,0.0017082195,
0014_05.png,0.8138482,0.012894303,0.10394834,0.005312432,0.037406337,0.010059117,0.022829007,0.0025492366,0.021968093,0.0007194202,
0017_02.png,0.8855375,0.016078694,0.03360348,0.0046002865,0.028212434,0.007483625,0.03407754,0.0043791225,0.018568939,0.0022881362,
0020_02.png,0.027743295,0.0021161595,0.021413444,0.0019268665,0.116649225,0.022262909,0.8030802,0.02724834,0.031113839,0.0063174656,
0024_02.png,0.018860077,0.0022011558,0.03295607,0.0059889304,0.82053167,0.019438012,0.09763775,0.017966568,0.030014485,0.0029550262,
0025_02.png,0.15597732,0.03802649,0.6984041,0.023139141,0.107567534,0.02463514,0.015551159,0.0009996548,0.022499934,0.0016519605,
0029_01.png,0.07824445,0.017247526,0.7587528,0.031590022,0.12796196,0.04386133,0.0120297875,0.0012014695,0.02301092,0.0010001657,
0036_02.png,0.8965802,0.015385544,0.0318366,0.0056869476,0.02701118,0.0070203883,0.022849904,0.0028474664,0.021722127,0.0026120518,
0036_05.png,0.042514283,0.02177671,0.15843906,0.084442936,0.7422813,0.105560504,0.0333435,0.0050566783,0.023421815,0.0035345927,
0037_01.png,0.01606092,0.0011047655,0.018272882,0.0017830603,0.7886009,0.022943065,0.1356714,0.022587048,0.04139393,0.0029093672,
0039_03.png,0.88948935,0.0106968945,0.048858613,0.004626325,0.021913014,0.005123101,0.020416861,0.0023655593,0.019322198,0.0019588731,
0047_04.png,0.025541529,0.00083853124,0.03422572,0.0043673688,0.045973174,0.0030094266,0.82449067,0.02535493,0.06976895,0.018968606,
0048_01.png,0.026301837,0.0013898292,0.02230224,0.0010096788,0.14324278,0.016866526,0.7521659,0.020390227,0.05598728,0.011180414,
0052_03.png,0.023867968,0.00070868,0.030469324,0.0028743227,0.037636757,0.008471873,0.8455097,0.013032982,0.06251614,0.012750136,
0054_01.png,0.028309178,0.00079927786,0.02596822,0.0013215711,0.01979014,0.0017214288,0.8721997,0.0063509136,0.053732775,0.0054238588,
0057_01.png,0.02628162,0.0014860635,0.025459101,0.0015438559,0.02813671,0.0030368876,0.88352555,0.0083193,0.036596965,0.0071383673,
0057_02.png,0.027846705,0.0017489821,0.026036924,0.0012574535,0.050910603,0.0072912434,0.8402096,0.015815645,0.054996192,0.012178594,
0061_01.png,0.02702576,0.0015711577,0.02151466,0.0010422235,0.11102927,0.028054766,0.74052674,0.026296254,0.099903606,0.018823544,
0062_01.png,0.02694033,0.0018091075,0.022311132,0.001696126,0.04361219,0.007116087,0.87263525,0.008854667,0.03450113,0.0060718227,
0066_03.png,0.02101256,0.0010777026,0.023631869,0.0011926602,0.015866812,0.0007769104,0.87403333,0.012603089,0.065455444,0.011774005,
0066_05.png,0.02629542,0.00093699107,0.025777305,0.0014468171,0.023536272,0.0020300834,0.7655004,0.062301263,0.15889049,0.0644747,
0067_01.png,0.18316802,0.041835412,0.68717515,0.023451213,0.08439787,0.02100958,0.016986558,0.00076452794,0.028272444,0.001888893,
0070_01.png,0.022774057,0.0008768881,0.03885264,0.005212858,0.4530901,0.04806426,0.44304925,0.05365319,0.042233925,0.0026176756,
0071_04.png,0.67363244,0.025509678,0.23216295,0.022593278,0.04680738,0.009846281,0.023974244,0.0021323068,0.023422992,0.001170787,
0072_02.png,0.4717556,0.06492482,0.36809865,0.029296437,0.11679609,0.04280077,0.01791523,0.0014813783,0.025434475,0.0010378702,
0073_01.png,0.8551308,0.027253969,0.058147013,0.013431593,0.035666127,0.009912277,0.031038512,0.004098602,0.02001755,0.0023265483,
0081_03.png,0.019301813,0.0010899217,0.020461444,0.0011670504,0.015606016,0.0026274624,0.1327303,0.0594773,0.81190044,0.06342115,
0084_02.png,0.025372515,0.0007640838,0.03742807,0.009565265,0.11749033,0.028459767,0.6150656,0.08350241,0.20464353,0.049739573,
0092_01.png,0.029454147,0.0017101803,0.029406708,0.0018158378,0.022505,0.0017641323,0.81989574,0.028470816,0.098738335,0.028201997,
0092_06.png,0.028501388,0.0012808495,0.03197318,0.0013759441,0.026010662,0.002017296,0.73189104,0.07771363,0.1816238,0.07827893,
0097_02.png,0.027541643,0.0013783649,0.025925716,0.0012193025,0.029463982,0.0027521842,0.8079351,0.022063788,0.10913348,0.020809093,
0101_02.png,0.026562508,0.0014495709,0.027295891,0.0017919265,0.026593233,0.0027708875,0.79239476,0.048847158,0.12715356,0.048286073,
0102_03.png,0.020797372,0.0014221625,0.02874906,0.004282703,0.79946184,0.0129821915,0.12812062,0.016655352,0.022871096,0.0019112077,
0105_01.png,0.022389699,0.0014505422,0.027895903,0.0032950053,0.7812958,0.021567049,0.1421502,0.02334787,0.026268397,0.0018254626,
0105_03.png,0.025886893,0.0012435508,0.024211716,0.0017946169,0.0359255,0.0052407947,0.8603346,0.011239116,0.05364137,0.011034207,
0105_06.png,0.021442173,0.002327542,0.023899488,0.0028073064,0.85708106,0.015452239,0.081421606,0.015114828,0.016155694,0.0016332162,
0113_01.png,0.028696502,0.001278286,0.029622788,0.0015587218,0.02666144,0.002432679,0.85281354,0.010834114,0.06220571,0.009592985,
0113_02.png,0.02140815,0.0011721022,0.022328272,0.004059236,0.059082784,0.008153024,0.7788149,0.06552387,0.118365906,0.053664327,
0116_03.png,0.023494368,0.0012908316,0.01746836,0.000844203,0.18580139,0.027807392,0.73967636,0.03225955,0.033559524,0.0039127003,
0116_05.png,0.040343832,0.0055780197,0.5749587,0.07102779,0.3416584,0.072680995,0.017521411,0.0024715888,0.025517672,0.0011339608,
0117_01.png,0.023979649,0.0009019156,0.023692498,0.0018937006,0.036988597,0.00734598,0.868893,0.011197167,0.046446174,0.00959286,
0119_02.png,0.021638034,0.0010799167,0.021957552,0.0016387533,0.028043622,0.0030178712,0.8735911,0.012015878,0.054769672,0.011242231,
0123_03.png,0.025045475,0.0017025428,0.019027397,0.0022427884,0.3283677,0.063577764,0.59922206,0.068014964,0.028337324,0.0035446605,
0126_02.png,0.028746475,0.0015716898,0.029702697,0.001908649,0.023071283,0.0029130017,0.8579222,0.016607301,0.06055733,0.017059257,
0126_05.png,0.016587136,0.0016604833,0.037571084,0.00661885,0.86322194,0.01350258,0.060485005,0.014145168,0.022134807,0.0019878347,
0126_10.png,0.08901806,0.04211189,0.3270957,0.095253296,0.5270585,0.12969914,0.025212709,0.0064203595,0.03161504,0.0016274968,
0130_01.png,0.027785402,0.0010646742,0.028194983,0.0014005351,0.021614922,0.0018057321,0.8398514,0.030450504,0.08255329,0.030851025,
0135_02.png,0.02642591,0.0014956398,0.029411474,0.0017087784,0.016503733,0.0015562671,0.67932194,0.08172325,0.24833699,0.08329768,
0135_05.png,0.022834927,0.0041220887,0.026480293,0.0049860277,0.8708107,0.009921659,0.063761234,0.010977628,0.01611282,0.0014134325,
0148_02.png,0.027029747,0.0012900545,0.025950711,0.0017176396,0.06697131,0.017868431,0.7863956,0.020978572,0.09365262,0.01625231,
0148_04.png,0.019083861,0.006401953,0.05823023,0.029994015,0.86096346,0.030864406,0.04178967,0.009715684,0.019932818,0.0020378367,
0149_01.png,0.024532909,0.00077720144,0.026561052,0.0011348693,0.029864892,0.0013248093,0.75426656,0.05244657,0.16477463,0.05256176,
0150_03.png,0.021620983,0.0014614849,0.03677055,0.0048717996,0.5333799,0.045473758,0.31212378,0.057305194,0.096104726,0.014729079,
0151_05.png,0.026002243,0.0024420477,0.021970484,0.002168296,0.6856412,0.028821543,0.236311,0.02933895,0.030075008,0.0021392046,
0153_03.png,0.8892409,0.021483934,0.031026771,0.003732054,0.028323567,0.00908443,0.031148732,0.006299626,0.020259973,0.0030089205,
0155_02.png,0.025338333,0.001392379,0.026718637,0.0019942315,0.024247412,0.0038909775,0.8621494,0.013827982,0.061546244,0.013991516,
0156_03.png,0.028023884,0.0014173783,0.030434322,0.0015146785,0.021306854,0.0013080366,0.84059525,0.017297957,0.079639636,0.01720095,
0162_02.png,0.024143752,0.0012840806,0.026105141,0.0006696832,0.031006351,0.0023320424,0.8226754,0.020529214,0.09606931,0.02166237,
0163_01.png,0.027379757,0.0017581825,0.02412925,0.0015815956,0.05722428,0.01055618,0.8372599,0.010739008,0.054006916,0.00878896,
0163_02.png,0.026530033,0.002005264,0.028133933,0.003389933,0.31573203,0.057760924,0.59474885,0.06132848,0.034855165,0.0038485161,
0166_02.png,0.028698027,0.0019468478,0.024573654,0.0017849818,0.049081217,0.008549298,0.8623311,0.009769817,0.035315935,0.0030243269,
0167_01.png,0.026368976,0.0015047154,0.032211617,0.0046186694,0.033192206,0.004353487,0.8299419,0.028307496,0.078285195,0.022362014,
0169_05.png,0.025551876,0.0011668395,0.029439747,0.0008281736,0.022331994,0.0012394503,0.84414214,0.019980624,0.078534186,0.020839423,
0173_01.png,0.025079235,0.00089386635,0.025908206,0.0020367138,0.016853202,0.0010593848,0.1465476,0.024242593,0.78561175,0.02736619,
0174_01.png,0.027926799,0.0014188786,0.03201581,0.0023404742,0.022525834,0.0008675934,0.82326573,0.031838655,0.09426579,0.029854842,
0175_04.png,0.03090016,0.0022938873,0.024049599,0.0013861216,0.4814485,0.055451825,0.42870522,0.053193375,0.034896523,0.0031814373,
0176_03.png,0.026008483,0.0013380245,0.027652632,0.0010461744,0.02558674,0.0015740609,0.85248965,0.018828949,0.06826247,0.018002216,
0182_03.png,0.028533062,0.0011196889,0.027547697,0.0017523826,0.020030841,0.0012321844,0.8149723,0.03591247,0.10891607,0.03708186,
0183_02.png,0.4273611,0.034237504,0.45986232,0.031573694,0.06286912,0.0114795165,0.023183478,0.0011645582,0.02672399,0.0014841114,
0184_01.png,0.028540809,0.0009914258,0.027288461,0.0016595119,0.01941719,0.0011179025,0.8405925,0.011159594,0.08416116,0.011603543,
0184_02.png,0.026176143,0.001936923,0.019688467,0.00061048876,0.15629482,0.042630173,0.751228,0.049786408,0.046612658,0.0072988514,
0188_01.png,0.023889927,0.0013971799,0.021292215,0.001513588,0.0406909,0.0047030165,0.8793515,0.0092757465,0.03477539,0.0060059954,
0189_01.png,0.024814893,0.00052498846,0.03176592,0.0048463917,0.16804221,0.0524698,0.6990935,0.047545303,0.07628344,0.01733898,
0194_05.png,0.019238973,0.0015550863,0.026189309,0.004167138,0.8176095,0.033619575,0.11370518,0.0343794,0.023257066,0.002285666,
199_01.png,0.026651587,0.0011781917,0.029973572,0.0014506454,0.020563751,0.0012507689,0.8561017,0.013546538,0.06670936,0.013096231,
200_02.png,0.71981037,0.036102373,0.1799056,0.01849255,0.059027813,0.018249514,0.016989645,0.0008610921,0.024266588,0.0019595136,
201_03.png,0.023622075,0.0012324858,0.02518094,0.0011460833,0.030203834,0.0035384775,0.7973134,0.05229257,0.12367976,0.054884512,
203_03.png,0.02675501,0.0020492207,0.01948052,0.0016762618,0.1459578,0.048963714,0.75848395,0.047091536,0.04932273,0.0068442663,
204_05.png,0.0719683,0.008816691,0.33408973,0.06923558,0.54453605,0.07721793,0.024234502,0.002630172,0.02517138,0.001646681,
205_01.png,0.022158552,0.00236453,0.026130725,0.0017931848,0.0200358,0.0039005924,0.8878705,0.007263328,0.04380446,0.009534993,
209_01.png,0.023740321,0.0014458193,0.0234298,0.001849744,0.024250677,0.0028465325,0.89247197,0.0077786213,0.03610717,0.006497155,
211_01.png,0.02510261,0.0010909444,0.02810067,0.001661277,0.01980392,0.000808638,0.84645927,0.023025714,0.08053349,0.020438213,
212_01.png,0.1405906,0.028266203,0.51809037,0.06939943,0.30220622,0.08949474,0.013947779,0.001431865,0.025165077,0.0008708532,
212_02.png,0.13924852,0.060205676,0.6208991,0.029026354,0.18844208,0.048228625,0.01865439,0.002588984,0.032755908,0.003025204,
213_02.png,0.7609111,0.034525804,0.1559684,0.023593938,0.038771737,0.009940106,0.02084953,0.0017311146,0.023499215,0.0016067867,
215_01.png,0.022048982,0.0012843331,0.023357827,0.0011880489,0.015262106,0.002214823,0.8669593,0.028525623,0.07237174,0.030585088,
215_03.png,0.029119924,0.0012640991,0.02833054,0.001984508,0.017929226,0.0010980902,0.84410226,0.012841431,0.08051804,0.012112744,
216_03.png,0.025991758,0.0011497994,0.025371978,0.0014551495,0.04245437,0.0042902254,0.84116584,0.018762099,0.065016076,0.017648214,
221_06.png,0.022951145,0.0013676444,0.02602154,0.0017755768,0.020341989,0.0018425067,0.86800015,0.021780165,0.06268518,0.020177288,
221_07.png,0.027573204,0.0021320847,0.019335601,0.0014057287,0.11231734,0.03399243,0.8052719,0.0336019,0.03550192,0.009861539,
237_04.png,0.029324437,0.0019576093,0.024368891,0.0018877483,0.025291586,0.0013204972,0.85331,0.013490394,0.067705125,0.013319534,
243_01.png,0.027677586,0.0040081004,0.23961759,0.08680754,0.68104994,0.09008581,0.026316915,0.0041504614,0.025338003,0.00275248,
251_01.png,0.019073999,0.0022142802,0.032456838,0.0051674587,0.876013,0.013694327,0.0550616,0.013258622,0.01739465,0.0014967719,
255_01.png,0.31835642,0.032809146,0.5640403,0.02357368,0.061647534,0.011307681,0.022821307,0.002102014,0.033134457,0.0018468418,
255_02.png,0.24389033,0.04182695,0.62993026,0.028662462,0.0837201,0.019171253,0.016863063,0.0007535858,0.02559622,0.001600126,
257_02.png,0.019007593,0.0022163938,0.038489323,0.008268786,0.86631584,0.009623777,0.05778296,0.012363079,0.018404316,0.0014637081,
258_03.png,0.02688454,0.0010708646,0.032298308,0.002251571,0.02679882,0.001269946,0.7449527,0.03170567,0.16906565,0.030769382,
262_02.png,0.024797998,0.0011032617,0.025161076,0.0011304852,0.016684214,0.0004799089,0.8489233,0.018670157,0.08443344,0.016936986,
275_07.png,0.017001629,0.00075672683,0.018659052,0.0018159343,0.020280313,0.0015288038,0.8755851,0.01955462,0.06847389,0.017304525,
277_01.png,0.08205393,0.013735762,0.575872,0.0769802,0.29273018,0.08452054,0.023413783,0.004564449,0.025930133,0.0002998378,
279_01.png,0.023226097,0.00054405903,0.025307944,0.002661719,0.6222557,0.04391358,0.29348013,0.04536439,0.035730153,0.0030000415,
281_01.png,0.7940544,0.021668883,0.12649584,0.022857282,0.037657496,0.006484979,0.02089256,0.0021531128,0.020899683,0.0018244574,
282_01.png,0.13937898,0.02812922,0.75946736,0.02056284,0.05668516,0.009481369,0.01696223,0.00096277084,0.027506262,0.0016843245,
283_01.png,0.023092879,0.00025310804,0.026496533,0.002305453,0.054572247,0.007162141,0.8224448,0.02230393,0.073393516,0.014897166,
283_03.png,0.026626695,0.0023361046,0.024821326,0.0017055623,0.5620807,0.06662757,0.36155957,0.06362773,0.024911761,0.002743751,
288_01.png,0.025494631,0.0007494812,0.026433516,0.00083375006,0.026473096,0.0027532342,0.852424,0.009346765,0.06917475,0.009987677,
292_03.png,0.028125336,0.0022436797,0.027114674,0.001900114,0.05860876,0.012357003,0.7575637,0.024390927,0.12858756,0.012454163,
294_03.png,0.025457937,0.0016750111,0.021619365,0.002521625,0.056369357,0.015497118,0.85588104,0.01275163,0.040672354,0.009382368,
300_07.png,0.021714991,0.004192849,0.11293389,0.060054038,0.8105469,0.063672975,0.035940576,0.0052852114,0.01886371,0.003247425,
301_05.png,0.02430894,0.0011605277,0.024407877,0.0012815357,0.022113195,0.0021840413,0.84092206,0.026586805,0.088247865,0.028876279,
301_07.png,0.024741096,0.0013709803,0.020344216,0.0015270204,0.10819568,0.03517069,0.80255157,0.02984979,0.04416741,0.00838767,
302_02.png,0.027200228,0.0011221773,0.022322457,0.0010781718,0.16954891,0.022864554,0.679509,0.034219377,0.10141945,0.040536586,
304_01.png,0.060415156,0.010265551,0.61404765,0.079069465,0.26720962,0.08133927,0.03003115,0.0063576945,0.028296435,0.0004966045,
306_02.png,0.8587281,0.018195486,0.053894233,0.008175479,0.032236718,0.007840923,0.036480013,0.0047823316,0.018660882,0.0023274666,
307_01.png,0.020120997,0.000902297,0.021205958,0.0013056609,0.017191198,0.0008510282,0.84865934,0.016541693,0.09282255,0.013764784,
309_04.png,0.0299822,0.0023454041,0.020069899,0.0017838471,0.16624339,0.042218767,0.7373251,0.04251083,0.046379413,0.00973393,
310_02.png,0.023956304,0.0014803045,0.025041208,0.0017160202,0.043053497,0.0038709408,0.8518028,0.013524,0.056146223,0.011409874,
310_03.png,0.02549914,0.0011666609,0.024493538,0.00073209294,0.101683006,0.021652555,0.77494127,0.028151315,0.07338315,0.016089393,
311_02.png,0.01723533,0.002068332,0.014160691,0.0019470579,0.01127697,0.000492775,0.019405236,0.0035064071,0.9379217,0.0067938743,
311_04.png,0.023201913,0.0013989112,0.023544198,0.0026135463,0.045082934,0.008478769,0.8126122,0.0246236,0.09555879,0.026098514,
319_01.png,0.03148555,0.0057571237,0.03692397,0.010633644,0.8268305,0.011237449,0.08312722,0.019033894,0.021632876,0.0014761225,
319_05.png,0.029774625,0.0018966648,0.020747803,0.0009556756,0.2594716,0.04497673,0.62611294,0.04370908,0.063893005,0.009052247,
319_06.png,0.03103542,0.0037084431,0.027132863,0.0043614744,0.76861656,0.029047579,0.14923245,0.030602781,0.023982722,0.0025825452,
322_01.png,0.86650676,0.011212486,0.063234285,0.006153904,0.028414631,0.0061218957,0.023862323,0.0020721527,0.017981973,0.0017590198,
324_02.png,0.031270474,0.0030879888,0.024998602,0.003872388,0.43977562,0.059643373,0.472574,0.06259291,0.031381335,0.0037544242,
326_03.png,0.025946578,0.0017449452,0.01987631,0.0016681625,0.583815,0.05920024,0.3332633,0.05932276,0.037098765,0.0032093243,
328_01.png,0.020173904,0.0008970422,0.041567244,0.004791888,0.018891752,0.0011081437,0.3070075,0.057556823,0.61235964,0.055059385,
329_03.png,0.021201655,0.0026617881,0.049920976,0.015271647,0.86246186,0.0138703035,0.04767113,0.010520569,0.018744374,0.0017349359,
333_02.png,0.024068302,0.001182981,0.031141657,0.0014438985,0.5947641,0.04277449,0.2870649,0.04403703,0.06296097,0.0017695392,
338_04.png,0.017773105,0.0011282335,0.031826667,0.007057336,0.84840983,0.020883178,0.07879707,0.024091408,0.023193283,0.0015566191,
339_01.png,0.04300513,0.006055865,0.22456746,0.036708757,0.09146468,0.00829308,0.22561018,0.054631263,0.41535252,0.02861856,
341_02.png,0.01924797,0.0036914146,0.15955321,0.04706581,0.7720809,0.05050407,0.02222221,0.003687394,0.026895735,0.0026163056,
341_04.png,0.020645093,0.002542165,0.04325386,0.008752531,0.88419354,0.011901906,0.034824584,0.0047246916,0.017082963,0.0014028796,
344_02.png,0.034626387,0.002261066,0.023639832,0.0014923842,0.3463617,0.065838896,0.5437336,0.055140648,0.05163849,0.014783522,
345_01.png,0.036786057,0.01452909,0.14787534,0.063578606,0.76269066,0.07529756,0.030462515,0.0062105246,0.022185445,0.0026035432,
345_03.png,0.037313916,0.013306624,0.22256312,0.087738775,0.6934824,0.09841949,0.027337834,0.0057788733,0.019302767,0.0028639028,
347_01.png,0.02415348,0.0015791729,0.026029825,0.0023490887,0.016423184,0.0015731037,0.851371,0.021399086,0.08202244,0.01978139,
347_04.png,0.026213432,0.0017498155,0.023898551,0.0021944395,0.7058941,0.05462102,0.2211378,0.05514746,0.022856053,0.0020270615,
350_04.png,0.019681621,0.0029485198,0.03566335,0.0073286584,0.86404914,0.011312974,0.05876757,0.01029356,0.021838333,0.0014928463,
352_01.png,0.024519611,0.0013242429,0.024415886,0.0012789668,0.0290039,0.0057835886,0.86534435,0.015250885,0.056716215,0.013177499,
352_04.png,0.022924222,0.0020389888,0.026028091,0.004232813,0.77294075,0.036948707,0.15352117,0.038999602,0.024585735,0.0024452375,
353_05.png,0.019858077,0.0011434823,0.01920224,0.0016498453,0.13100709,0.031076306,0.6203654,0.044358894,0.20956716,0.052512605,
357_02.png,0.027013723,0.0011363601,0.025115227,0.001178044,0.030562127,0.0053516687,0.8647251,0.008907705,0.052583802,0.009857005,
361_02.png,0.023544636,0.0012704411,0.023878554,0.0026732492,0.024689272,0.00243303,0.8765076,0.018256016,0.051379967,0.013737814,
365_01.png,0.026596406,0.0015422435,0.022657383,0.0012922423,0.30748814,0.043223966,0.6118754,0.046378445,0.03138265,0.0029706082,
367_01.png,0.018378014,0.0034018962,0.08331983,0.02882878,0.84813976,0.030112611,0.028986108,0.005558994,0.021176318,0.0017514161,
368_01.png,0.026462298,0.0013709277,0.029543888,0.0018953838,0.01959422,0.0008563443,0.84435713,0.019133432,0.080042474,0.017516509,
369_01.png,0.028280597,0.0013421489,0.035013385,0.003305936,0.018759837,0.0011157295,0.8319818,0.01883415,0.08596438,0.015835045,
369_03.png,0.024752224,0.0011529294,0.03513106,0.004412801,0.023675896,0.0012027362,0.81348246,0.03175422,0.10295834,0.0271719,
392_01.png,0.027897084,0.0015157014,0.028764766,0.0017775489,0.023421243,0.0015902097,0.8686946,0.009295804,0.051222254,0.007474106,
392_07.png,0.014425142,0.0014233348,0.047463633,0.0107198795,0.8881976,0.011111096,0.032604333,0.005992159,0.017309252,0.0016501541,
399_01.png,0.024599452,0.0010929392,0.027069207,0.0013953706,0.018412815,0.0013478207,0.80082446,0.033458658,0.1290941,0.033623926,
399_02.png,0.018285355,0.0026244249,0.045872815,0.0117895035,0.87111026,0.0129611585,0.047686554,0.010248347,0.017045004,0.0016160061,
400_01.png,0.028350811,0.0017693256,0.02903918,0.0017372752,0.022015994,0.0015903147,0.8150449,0.028122801,0.105549134,0.02499013,
401_01.png,0.023415485,0.0005639067,0.023067543,0.00066673494,0.01995017,0.002245741,0.85298663,0.022533163,0.0805802,0.024121704,
401_02.png,0.01714721,0.0017928308,0.043492705,0.013866169,0.85552394,0.014168301,0.05917387,0.015298537,0.02466225,0.0021498026,
402_01.png,0.03051414,0.0011433563,0.028096993,0.0013777909,0.042887077,0.0068938034,0.77997476,0.039491776,0.11852701,0.039587528,
404_01.png,0.0461745,0.0055978023,0.12409873,0.02921718,0.77196705,0.03507349,0.03747659,0.0035118172,0.020283097,0.0018217679,
406_02.png,0.6686061,0.08574114,0.16575179,0.027908778,0.12078959,0.055309583,0.01647008,0.0015683695,0.028382486,0.002459998,
412_02.png,0.02183932,0.0012046505,0.01983361,0.0018084879,0.041664977,0.006140634,0.85102195,0.01432322,0.06564019,0.012678953,
414_07.png,0.022591736,0.0015513784,0.025703603,0.0019450658,0.015417715,0.0010351258,0.82989347,0.016049594,0.10639347,0.012602929,
421_02.png,0.022685807,0.004433723,0.07411462,0.019045454,0.84742033,0.022535773,0.036568426,0.00631632,0.019210767,0.0020640914,
428_01.png,0.019041013,0.0009826982,0.019907225,0.00075239915,0.025885534,0.004055406,0.72640973,0.05499857,0.20875645,0.052136797,
430_02.png,0.022140257,0.004674994,0.065601155,0.023833632,0.84599954,0.02403148,0.04387296,0.0099266535,0.022386145,0.0021777055,
430_04.png,0.06676626,0.023733724,0.38433895,0.06937956,0.50534743,0.093833126,0.015334736,0.0014568452,0.028212566,0.0029390478,
432_04.png,0.64170593,0.042494588,0.25197423,0.030603498,0.048679214,0.010488939,0.03475564,0.0043761395,0.022884954,0.00085165084,
433_02.png,0.026762705,0.0016225121,0.02184552,0.0017415134,0.060476333,0.01576515,0.7853068,0.028161103,0.10560866,0.0315838,
434_02.png,0.8475685,0.0126445135,0.07983858,0.0055443435,0.03213549,0.008177948,0.021509666,0.0020306124,0.018947681,0.0014232779,
436_04.png,0.02260803,0.0020130596,0.023532728,0.002077441,0.8014404,0.031314235,0.13376343,0.030539524,0.018655356,0.0017417603,
436_06.png,0.024480404,0.001392256,0.029215202,0.0021812588,0.017561134,0.0008932507,0.85288733,0.02140548,0.07585593,0.019452473,
438_01.png,0.028567579,0.0013124848,0.025938625,0.0013149513,0.06338835,0.015242106,0.8280072,0.016526388,0.0540982,0.008609725,
439_04.png,0.6006108,0.045311157,0.24937673,0.025638059,0.09856285,0.037237264,0.022333842,0.0021841396,0.029115815,0.0016476748,
444_01.png,0.11067219,0.025989912,0.7033024,0.014704806,0.13561447,0.02984914,0.018107804,0.0011346681,0.032303143,0.0019543334,
446_01.png,0.023877582,0.003036954,0.022986868,0.0023401538,0.7831124,0.026658047,0.14700699,0.023754705,0.023016164,0.0025079297,
451_01.png,0.028559009,0.0046005626,0.28275877,0.07862823,0.635446,0.07991437,0.027766477,0.0057464517,0.02546972,0.0020020045,
452_01.png,0.026423875,0.0017690385,0.024131011,0.0014967003,0.03500534,0.0053880443,0.88258314,0.008235768,0.031856578,0.0047452236,
456_04.png,0.021858433,0.0012177724,0.025123566,0.0031661787,0.03851314,0.009784457,0.8113039,0.028541522,0.1032009,0.030598685,
457_04.png,0.022138935,0.002142987,0.05431816,0.0054563507,0.85998285,0.010695234,0.046233505,0.006777476,0.01732652,0.0016124124,
460_02.png,0.026860833,0.003308492,0.021203674,0.0025619308,0.7581062,0.026434043,0.17256065,0.026482685,0.021268636,0.0020677182,
462_01.png,0.78699756,0.021933565,0.14045016,0.0118175745,0.034845285,0.008667966,0.015143317,0.0013894046,0.022563731,0.0020561472,
462_02.png,0.02081598,0.0018487099,0.037652213,0.0054117506,0.7804495,0.023755526,0.115414046,0.022538196,0.045668226,0.009041029,
467_02.png,0.028572222,0.0014946887,0.026175112,0.001407199,0.048539035,0.0047536395,0.7966504,0.021927085,0.10006319,0.020981656,
471_02.png,0.024419043,0.0008539115,0.028446574,0.002566469,0.70500153,0.048020035,0.21047783,0.048575487,0.03165504,0.0027762668,
474_01.png,0.029311854,0.0014442335,0.029117104,0.0018333623,0.021445662,0.0019414068,0.8427752,0.017299743,0.07735016,0.0171871,
483_02.png,0.024103662,0.0025473328,0.018228546,0.0011652499,0.57468164,0.050214298,0.35815376,0.04638844,0.024832409,0.0028012865,
484_01.png,0.031237643,0.0016769664,0.03274665,0.0021960181,0.022274446,0.001521586,0.80907404,0.027299419,0.10466723,0.026088446,
495_03.png,0.027750034,0.0014278906,0.021870263,0.0007803115,0.06545268,0.007620692,0.7590848,0.030633053,0.12584224,0.023040898,
496_01.png,0.022567268,0.001344111,0.025288224,0.002132146,0.020557385,0.0014686135,0.82213134,0.050566513,0.109455846,0.04700516,
496_06.png,0.024745617,0.0032320125,0.02773408,0.004106415,0.8524755,0.015559279,0.074297026,0.016035086,0.020747755,0.0017194954,
504_01.png,0.025449231,0.0007577786,0.02449631,0.0009862942,0.031812508,0.0031796293,0.8578456,0.012534613,0.060396336,0.011101061,
505_01.png,0.030581664,0.0034769312,0.062491376,0.0067149983,0.5626475,0.03636634,0.091842905,0.014909667,0.25243658,0.040584996,
508_01.png,0.079556875,0.026729489,0.43012333,0.08225804,0.44813976,0.10555596,0.018927688,0.0029940614,0.023252357,0.00096618943,
508_02.png,0.04293898,0.014889862,0.3177149,0.06207686,0.5843574,0.07250482,0.023001619,0.004333574,0.03198713,0.0012956526,
511_01.png,0.025296485,0.00073405635,0.02529155,0.0017649556,0.025229955,0.0016536026,0.5317123,0.11613883,0.3924697,0.11543897,
512_01.png,0.028013546,0.00078253075,0.025326049,0.0012005885,0.023154633,0.0025886325,0.78379136,0.04389776,0.13971445,0.045036614,
516_01.png,0.029178485,0.0021396936,0.020805582,0.0011055513,0.1806145,0.03753718,0.7426503,0.036490172,0.026751146,0.0036388289,
519_01.png,0.021912301,0.00050377415,0.034526177,0.0024488824,0.18629637,0.039312597,0.3488294,0.059184067,0.40843576,0.08497736,
523_02.png,0.041581877,0.009887169,0.13654697,0.04533076,0.7614764,0.051536918,0.036926746,0.0070181913,0.023467999,0.0021920186,
524_03.png,0.034362487,0.0044822562,0.2881568,0.03544693,0.61687917,0.035387065,0.03321262,0.0037076953,0.027388941,0.0018636727,
525_02.png,0.031449486,0.0013132255,0.022002768,0.0017673781,0.5250462,0.121753655,0.39894646,0.12274523,0.022555057,0.0017017698,
528_03.png,0.02741525,0.0016291983,0.024203971,0.0014552936,0.039544385,0.00576561,0.8691705,0.007506044,0.039665893,0.0051556393,
529_02.png,0.023410678,0.0009488816,0.02764861,0.0016122609,0.023421746,0.0032389727,0.49761224,0.08391902,0.42790675,0.08554437,
531_02.png,0.027613599,0.0018277677,0.023838114,0.0018438312,0.09098471,0.025305266,0.80770665,0.023651158,0.04985696,0.0073839626,
537_01.png,0.018890416,0.00080024113,0.02431676,0.0010139465,0.015658084,0.00093083293,0.7831715,0.026488971,0.15796329,0.024904959,
539_02.png,0.030282069,0.0019312501,0.025007304,0.0023229155,0.4530503,0.057960846,0.45230561,0.059681676,0.039354783,0.005236098,
541_01.png,0.020855103,0.0019950697,0.044025574,0.010675139,0.79853314,0.017455705,0.105796255,0.017743973,0.030789888,0.002736424,
545_01.png,0.024671394,0.0011399492,0.024173554,0.0007868187,0.029697437,0.006978916,0.4306466,0.11281088,0.49081102,0.12079075,
547_05.png,0.02732844,0.0014936161,0.023054834,0.0009576962,0.09553698,0.034651287,0.7808851,0.03241706,0.07319464,0.013360787,
549_01.png,0.026965404,0.001154709,0.02657398,0.001673485,0.03651463,0.0034449021,0.7983718,0.027690435,0.11157417,0.02590289,
556_01.png,0.023252722,0.00086648884,0.023768805,0.0010546619,0.019878015,0.002350153,0.8570461,0.018045317,0.07605427,0.017877007,
558_02.png,0.028320953,0.0074050273,0.053517975,0.020672247,0.8629919,0.023138076,0.03798543,0.009979817,0.01718374,0.0016890232,
560_01.png,0.023020137,0.0014430892,0.049291838,0.009327736,0.5233329,0.075746164,0.36225152,0.07762849,0.042103663,0.005764546,
560_02.png,0.024072427,0.001491172,0.025434067,0.0017367564,0.028376961,0.0044360086,0.78865063,0.03685875,0.13346593,0.0371122,
563_01.png,0.024842415,0.0013287578,0.023581605,0.0013715578,0.03237667,0.007616984,0.8355633,0.014345885,0.08363606,0.01621234,
564_03.png,0.026921522,0.0030386418,0.024953175,0.0041567693,0.085626945,0.02557489,0.81602114,0.01561736,0.046477117,0.011073382,
573_01.png,0.8716858,0.01058453,0.05955436,0.0044110655,0.028115928,0.006159941,0.020853091,0.0014735668,0.019790832,0.0016888861,
574_01.png,0.14654402,0.01700936,0.7088348,0.016964354,0.10171018,0.01813626,0.020677712,0.00224875,0.022233274,0.0008741832,
579_01.png,0.023363765,0.0009538851,0.023692328,0.001544076,0.021296822,0.003540294,0.8691942,0.010189533,0.062452912,0.010618861,
587_02.png,0.044873744,0.006076103,0.68377525,0.04158002,0.21915443,0.042383336,0.019502047,0.0023515811,0.03269451,0.0019654897,
588_04.png,0.024311304,0.0018138647,0.02178448,0.0022474562,0.06578626,0.015292374,0.8362768,0.01996048,0.05184117,0.016360573,
588_10.png,0.020607743,0.0010845633,0.021387411,0.0021075518,0.022388969,0.003832778,0.8774915,0.010968339,0.058124315,0.010825332,
591_03.png,0.010715442,0.0009106575,0.06190736,0.01915458,0.6202016,0.04542439,0.23541537,0.061424237,0.07176023,0.010367485,
600_04.png,0.8020433,0.023774171,0.11550429,0.0141089,0.03665675,0.00922708,0.022648647,0.0017272247,0.023146894,0.0016703265,
602_03.png,0.019531947,0.0016948914,0.0349294,0.0073602037,0.81587476,0.022982497,0.09756626,0.026897306,0.032097597,0.0020860438,
603_03.png,0.021975636,0.0013608639,0.022695396,0.0018190119,0.017933521,0.0011670471,0.79554003,0.032028385,0.14185543,0.030100547,
607_06.png,0.025148302,0.001780545,0.023630945,0.0016999521,0.017405476,0.002770429,0.20428272,0.062071815,0.7295326,0.06618967,
608_01.png,0.03203908,0.0045724865,0.13458054,0.025939139,0.6852728,0.043627735,0.07131171,0.028195063,0.07679594,0.03306547,
608_02.png,0.021242332,0.0024257207,0.020548042,0.005862238,0.22306938,0.0818767,0.6345581,0.09794073,0.10058211,0.011398431,
608_03.png,0.028753906,0.0019247648,0.02777924,0.0025420373,0.3200649,0.045727137,0.5682765,0.04789193,0.055125367,0.004774679,
611_01.png,0.019723129,0.0014838469,0.03864596,0.016418906,0.82088774,0.026070787,0.09307868,0.029400412,0.027664494,0.0029451344,
615_02.png,0.028869849,0.0021350423,0.01946057,0.0014662619,0.2914731,0.034345087,0.6249072,0.03157559,0.035289258,0.0044040694,
616_02.png,0.03931383,0.013988512,0.41817728,0.10507785,0.49375325,0.11481926,0.019975659,0.0035854785,0.028780024,0.0015713561,
618_02.png,0.015726756,0.0018696568,0.07733064,0.01951501,0.83630866,0.017499274,0.044488326,0.010751866,0.026145566,0.0023753436,
626_09.png,0.24367718,0.09709726,0.5577847,0.099914715,0.15322974,0.019677525,0.01648006,0.001448733,0.028828358,0.0014091247,
628_02.png,0.030628359,0.0020383,0.022986514,0.0012943348,0.4727103,0.06791162,0.44140807,0.06581058,0.032266688,0.0036601494,
629_05.png,0.023965187,0.0012251694,0.026386444,0.001816225,0.01907274,0.001592481,0.8808241,0.0099388845,0.049751505,0.008797741,
632_03.png,0.030746017,0.0027572208,0.026878929,0.0028298183,0.16742715,0.033934187,0.719816,0.03861195,0.05513189,0.009315154,
634_01.png,0.025174981,0.00050645095,0.03157714,0.0055613522,0.2530035,0.06391724,0.60156834,0.0742502,0.08867603,0.007377649,
634_05.png,0.021078374,0.002777985,0.025121674,0.005872551,0.83485824,0.019746182,0.09838873,0.024562424,0.020552982,0.0015926635,
636_07.png,0.027332108,0.0009229288,0.038209073,0.0047679674,0.6407916,0.074572645,0.25602964,0.07571637,0.037637603,0.0032919815,
636_08.png,0.028591651,0.0019769596,0.022229543,0.0020451776,0.56040215,0.07703752,0.363492,0.0778742,0.025284639,0.0026934093,
639_06.png,0.029386505,0.00085478346,0.027894821,0.001748355,0.018010782,0.00074841006,0.8442663,0.017471183,0.08044151,0.015183414,
640_03.png,0.024037074,0.0009867629,0.01784635,0.0012802959,0.6169986,0.05151541,0.31165183,0.052864864,0.029466128,0.0020077603,
641_01.png,0.02164159,0.00087909884,0.01889681,0.0007735324,0.11599715,0.02098977,0.7910317,0.029888995,0.052432716,0.009067482,
643_02.png,0.024876643,0.0016110111,0.025653223,0.0011985472,0.019908752,0.000766926,0.8514228,0.021821829,0.07813853,0.019831352,
648_09.png,0.027219933,0.0013934263,0.026368001,0.002018454,0.020337593,0.0013694857,0.82366115,0.05504035,0.10241332,0.05720764,
649_05.png,0.017484894,0.0026711645,0.05089196,0.013968239,0.87715054,0.0153455585,0.03464291,0.0069655003,0.019829739,0.0017128529,
652_04.png,0.026637878,0.0011982912,0.025729159,0.001959976,0.042636193,0.011916416,0.8140253,0.031776037,0.09097146,0.026528802,
658_01.png,0.02868108,0.002175638,0.02516427,0.0018208945,0.053610153,0.012506889,0.839826,0.020921212,0.052718513,0.013181977,
659_01.png,0.20117123,0.032737482,0.6318613,0.03045185,0.13108173,0.034236502,0.013921787,0.0011756412,0.02196386,0.00084535347,
660_03.png,0.88551015,0.013739348,0.046728212,0.0062305904,0.026923323,0.0061306446,0.022436153,0.0017895099,0.018402124,0.0015949031,
661_02.png,0.029571395,0.0046742978,0.4368592,0.10608174,0.47283655,0.105285674,0.02403917,0.005053438,0.036693748,0.0020034816,
662_01.png,0.04674317,0.0062699635,0.5266065,0.07489752,0.38044962,0.079721674,0.01855089,0.0019870664,0.027649779,0.0025347562,
664_01.png,0.020190628,0.0008780902,0.017380875,0.0007712465,0.012324814,0.0012653098,0.06320137,0.012782148,0.88690233,0.013483871,
667_02.png,0.024855925,0.0017673708,0.024355283,0.0019979433,0.0198473,0.0027179618,0.8937,0.006825685,0.03724148,0.0038922143,
671_01.png,0.028067548,0.0016485119,0.02058301,0.0014334066,0.037776448,0.004808168,0.11156776,0.010894744,0.8020052,0.006314628,
677_01.png,0.02588294,0.0014838714,0.02053478,0.0011265007,0.07155971,0.01480559,0.84985316,0.014351111,0.03216944,0.0036532285,
678_01.png,0.022059241,0.0021578996,0.021243121,0.00147084,0.018237948,0.0017544413,0.88685846,0.0054698866,0.051601242,0.005358062,
687_01.png,0.027821135,0.0011075565,0.028602827,0.0019007424,0.017197954,0.000855162,0.818332,0.04921132,0.10804604,0.049719352,
689_01.png,0.019073302,0.001491974,0.021758135,0.0029883473,0.76899683,0.03428166,0.16119924,0.03599897,0.028972516,0.002345315,
689_02.png,0.028771568,0.0018053495,0.02222911,0.0011767197,0.1227838,0.017718479,0.79221714,0.020854663,0.033998393,0.004679593,
693_01.png,0.029191237,0.0015653415,0.024164712,0.0013688146,0.06494694,0.01099037,0.74985945,0.03285675,0.13183771,0.023071265,
702_01.png,0.08015387,0.015217199,0.5055709,0.07294429,0.3744113,0.08520101,0.01721594,0.0027116914,0.022647947,0.000878736,
704_02.png,0.029409647,0.0019539713,0.020668823,0.0009301323,0.14885902,0.026692946,0.77516127,0.027689986,0.025901187,0.0024430405,
708_02.png,0.07579079,0.015396055,0.706767,0.035225686,0.17999959,0.047132973,0.015895342,0.0017105107,0.021547237,0.0009589258,
710_02.png,0.023348069,0.002230051,0.030854572,0.0030713812,0.7403294,0.040764783,0.1689259,0.037378836,0.03654207,0.0053682146,
720_01.png,0.019423794,0.0011444599,0.024577698,0.0038336792,0.81029046,0.022498272,0.11705978,0.025698608,0.028648287,0.0023577714,
736_02.png,0.030206218,0.0035605836,0.062336236,0.007989448,0.6690629,0.03838396,0.19688046,0.04502829,0.041514147,0.002213252,
746_01.png,0.3623746,0.037350584,0.44367036,0.03356333,0.10634373,0.036732737,0.05472058,0.008283146,0.032890696,0.0028507218,
755_01.png,0.029576898,0.0018429437,0.02694746,0.0010801352,0.25683814,0.019667964,0.4223835,0.04310191,0.26425403,0.02533796,
757_01.png,0.0223484,0.0013291968,0.021085834,0.001225126,0.016137833,0.0012291285,0.10873777,0.01604749,0.83169013,0.016925113,
759_01.png,0.018645708,0.0018429382,0.029036378,0.0051942877,0.85654086,0.01669161,0.08005533,0.018068848,0.01572169,0.0014736648,
759_03.png,0.02762461,0.0021632055,0.020754298,0.0017138695,0.7116392,0.038098358,0.21799974,0.03900508,0.02198216,0.001663024,
761_02.png,0.023085553,0.001801136,0.025101224,0.0017586804,0.015732873,0.0026006317,0.8658959,0.0307772,0.07018444,0.03347693,
762_01.png,0.016005032,0.0011965614,0.20653562,0.06268956,0.59245765,0.058485072,0.10267927,0.017185027,0.082322404,0.010344197,
770_01.png,0.02313247,0.00043743334,0.026825488,0.002481746,0.037295997,0.004053478,0.80636275,0.02943159,0.106383346,0.025843086,
781_05.png,0.025278354,0.001133725,0.023585264,0.0011943852,0.064271614,0.010227798,0.79533875,0.023447473,0.09152602,0.01741661,
784_01.png,0.028685102,0.0021200257,0.019830376,0.0015599127,0.40981588,0.063236035,0.49863228,0.057045966,0.043036357,0.007057456,
784_02.png,0.023167493,0.0038746975,0.06073612,0.02070455,0.8547187,0.021174982,0.0414709,0.009557029,0.019906811,0.0022045523,
790_03.png,0.025250059,0.0012097231,0.026021266,0.0011796554,0.020278633,0.0010666323,0.8365035,0.02651144,0.09194655,0.024805522,
791_01.png,0.034109477,0.0027240198,0.022325262,0.0007529448,0.24483173,0.044503927,0.66685265,0.04845814,0.031880837,0.0028758717,
807_02.png,0.045959495,0.011257367,0.39370632,0.059652124,0.5097989,0.06706633,0.0216925,0.003834679,0.028842768,0.0013806977,
811_02.png,0.024738904,0.000461126,0.027503604,0.0012153853,0.026433159,0.0015522195,0.82868254,0.028858768,0.0926419,0.028530331,
813_02.png,0.03250088,0.0026580372,0.023831306,0.0016459003,0.27141547,0.03753686,0.6234695,0.04106121,0.048782874,0.0054925415,
819_01.png,0.030704478,0.00905984,0.12812094,0.052310247,0.7713407,0.057087503,0.043598495,0.009032483,0.026235333,0.0030818002,
824_02.png,0.024530755,0.0011782781,0.025881682,0.0014249672,0.017809464,0.0008029568,0.84957,0.01970542,0.082208134,0.018034426,
824_03.png,0.019808263,0.0022743526,0.044708543,0.0076506417,0.8593758,0.011509613,0.052597325,0.0080446815,0.02351008,0.0017852333,
830_01.png,0.036167488,0.006114142,0.035531946,0.0060623833,0.2130518,0.08051059,0.608194,0.07338988,0.107054725,0.01799091,
832_01.png,0.03128743,0.002309273,0.021407437,0.0022368017,0.2395548,0.06750091,0.6654847,0.0715372,0.042265665,0.008652329,
832_02.png,0.03394454,0.0027799758,0.035650395,0.003973475,0.4840761,0.06771843,0.40219164,0.065634884,0.044137377,0.005867678,
833_02.png,0.020596534,0.0007543705,0.019434378,0.0013342567,0.064495444,0.0066361628,0.535704,0.074614175,0.35976967,0.07434411,
835_05.png,0.021437405,0.0012825539,0.01820285,0.0008404738,0.040264644,0.015080987,0.8369862,0.0143809775,0.08310892,0.017672585,
836_01.png,0.030848887,0.0016404537,0.030270904,0.002164263,0.023937466,0.0010331672,0.80027926,0.026532026,0.114663556,0.023811268,
837_01.png,0.022916269,0.00076238246,0.027489102,0.002733871,0.057332247,0.0072600404,0.8456712,0.014726237,0.046591215,0.0059402953,
837_02.png,0.025660405,0.0029091283,0.03256745,0.0039979694,0.7557813,0.03537381,0.15449132,0.034181736,0.031499516,0.002870873,
