0004_03.png,0.026897267,0.0037687302,0.040438928,0.006084126,0.44232017,0.10054327,0.44275242,0.09106063,0.047591235,0.013958082,
0005_08.png,0.022919064,0.0032580812,0.02391572,0.0021682156,0.014529033,0.0027727676,0.7905814,0.093662314,0.14805481,0.08675793,
0008_01.png,0.016343486,0.0021081306,0.045101397,0.013556804,0.60850596,0.04044744,0.2872432,0.04356536,0.042806007,0.0057249125,
0011_02.png,0.7470158,0.08452806,0.16285649,0.065959476,0.04871249,0.022419915,0.020329181,0.0050944,0.021086082,0.0029673956,
0011_03.png,0.020085122,0.0030103608,0.01860531,0.0019316388,0.024810122,0.0064702276,0.88425857,0.03058806,0.05224093,0.026256807,
0014_04.png,0.05256725,0.01209637,0.43113455,0.055158462,0.46291527,0.06097623,0.030932108,0.0064807218,0.022450771,0.0024368288,
0014_05.png,0.8382227,0.032051392,0.09571104,0.03757471,0.032591738,0.0036580826,0.018339451,0.003655635,0.015135117,0.0013209323,
0017_02.png,0.8507002,0.023890693,0.078226835,0.03084741,0.028915042,0.004939562,0.025196483,0.007905527,0.016961452,0.0019627558,
0020_02.png,0.020668408,0.0035170608,0.016673986,0.0019025531,0.028115133,0.005845907,0.90702546,0.017572733,0.027517086,0.008793742,
0024_02.png,0.02418228,0.0019356121,0.048551302,0.009657677,0.58790225,0.053796824,0.29450497,0.06459919,0.044859156,0.0041182255,
0025_02.png,0.33328512,0.029304177,0.48364514,0.045322414,0.13588123,0.044785216,0.02316263,0.0014890335,0.024025839,0.0012310626,
0029_01.png,0.07690197,0.016977053,0.606246,0.03929303,0.2804281,0.041402128,0.016703775,0.0023411724,0.01972014,0.0021088752,
0036_02.png,0.5662732,0.18537974,0.2949459,0.15008765,0.09813825,0.03716909,0.021570573,0.0041639805,0.019072076,0.003341637,
0036_05.png,0.03155262,0.009519149,0.12876342,0.019515939,0.74218035,0.027477482,0.07312438,0.006610209,0.024379175,0.0028516643,
0037_01.png,0.02368914,0.0045094015,0.02891824,0.0035296704,0.42442045,0.048479166,0.4784792,0.05491528,0.044492997,0.0066417065,
0039_03.png,0.79257375,0.038715545,0.12571459,0.030453937,0.042621356,0.016599137,0.020459268,0.0047398116,0.01863106,0.0025572374,
0047_04.png,0.024509985,0.0041936324,0.022280227,0.002223698,0.021005498,0.0026071472,0.88809574,0.018898405,0.044108532,0.012050496,
0048_01.png,0.02310199,0.0022077644,0.025752619,0.0016721981,0.07662779,0.013619361,0.79539466,0.030396227,0.079122946,0.033132497,
0052_03.png,0.020364443,0.0023828116,0.023474801,0.00073804706,0.020919686,0.0030747293,0.848814,0.035169747,0.08642705,0.031921346,
0054_01.png,0.020999,0.003774186,0.025530118,0.0019489838,0.01577093,0.003796612,0.8684389,0.037218373,0.06926107,0.030276706,
0057_01.png,0.020680672,0.003968724,0.017888052,0.0025423735,0.017454464,0.0014662734,0.91602916,0.015852882,0.027947675,0.00922817,
0057_02.png,0.02249894,0.0027008627,0.020862281,0.0018615747,0.030637775,0.0046954565,0.8644355,0.028844293,0.061565567,0.026145231,
0061_01.png,0.02197758,0.0017939588,0.026402134,0.001351191,0.039414432,0.009327461,0.74091333,0.05964555,0.17129247,0.0578922,
0062_01.png,0.019678403,0.0031942192,0.015959809,0.0018821729,0.031085715,0.0055624824,0.90241957,0.015607922,0.030856479,0.009701868,
0066_03.png,0.021786937,0.0040420266,0.021653771,0.0023357952,0.01725267,0.0022710387,0.86635864,0.04320877,0.07294796,0.036735944,
0066_05.png,0.020562496,0.002123108,0.025602069,0.0012970492,0.020291496,0.002596963,0.8081684,0.06286618,0.12537554,0.058874846,
0067_01.png,0.16042349,0.03582482,0.5878906,0.036852844,0.18401837,0.031507146,0.03016595,0.00512975,0.037501566,0.0037325383,
0070_01.png,0.046658725,0.019217078,0.049074925,0.009253654,0.4745811,0.08289619,0.3923997,0.054807052,0.037285566,0.011575029,
0071_04.png,0.6787926,0.060967006,0.22481641,0.056871492,0.048674695,0.007195275,0.025849428,0.002636511,0.021866966,0.0009347564,
0072_02.png,0.2518488,0.033568285,0.41258135,0.03958212,0.26928708,0.06459988,0.037002876,0.0048128814,0.029279888,0.0025790178,
0073_01.png,0.8180844,0.04828774,0.11216619,0.0322737,0.034511972,0.016122922,0.018430654,0.005052163,0.016806744,0.002330969,
0081_03.png,0.012031509,0.0021355234,0.02116719,0.004863443,0.0134342015,0.00413131,0.101707436,0.04750124,0.85165966,0.05510994,
0084_02.png,0.022953238,0.002884317,0.031275656,0.0026804584,0.04644568,0.010004708,0.7152487,0.030993588,0.18407668,0.027524222,
0092_01.png,0.022165291,0.0050623044,0.023258183,0.002711006,0.0142656015,0.001218015,0.889149,0.029770251,0.051161926,0.021646006,
0092_06.png,0.018726667,0.002157597,0.025114518,0.0018963547,0.022944102,0.00478278,0.7416401,0.10376551,0.19157466,0.096912034,
0097_02.png,0.021758717,0.0030082108,0.024215478,0.0012121797,0.018068885,0.0034601823,0.83954525,0.047725208,0.096411645,0.042457256,
0101_02.png,0.022097377,0.0024916148,0.024372268,0.0010292655,0.016740952,0.0019447965,0.8140213,0.04879286,0.12276813,0.044460077,
0102_03.png,0.022554886,0.0049161995,0.03355769,0.004955038,0.57972896,0.034217265,0.33057195,0.039831527,0.033586502,0.0025199887,
0105_01.png,0.01771661,0.002088937,0.060912393,0.023245882,0.68818486,0.012519511,0.200322,0.025166651,0.0328641,0.0052509657,
0105_03.png,0.020834096,0.0025498006,0.01993327,0.0016551379,0.018777065,0.0030037132,0.8553192,0.05386616,0.08513628,0.049388733,
0105_06.png,0.024541024,0.0056938007,0.03106374,0.004739784,0.5766757,0.05020895,0.33726352,0.054277,0.030456077,0.003709691,
0113_01.png,0.021239147,0.0024338104,0.024433393,0.0009969351,0.021506926,0.0029415344,0.86604273,0.031237561,0.06677784,0.028471468,
0113_02.png,0.022020288,0.0033867494,0.024103653,0.0016086574,0.0146024,0.002279102,0.8448955,0.052252047,0.09437825,0.046450403,
0116_03.png,0.023910051,0.0043524504,0.024115829,0.002836886,0.060644247,0.017452635,0.84687996,0.0331427,0.044449873,0.017597517,
0116_05.png,0.024061393,0.002942364,0.16975719,0.041357975,0.72726387,0.032072984,0.056808073,0.012681569,0.022109473,0.002162188,
0117_01.png,0.023446888,0.003139889,0.022983354,0.0011431257,0.022256173,0.003072409,0.86499846,0.02881093,0.06631516,0.024780914,
0119_02.png,0.023527395,0.004116989,0.020144325,0.002018302,0.016447565,0.0019229875,0.88678586,0.025645655,0.0530949,0.019342402,
0123_03.png,0.021004787,0.0034594743,0.017475626,0.002226563,0.12811007,0.04262653,0.8065298,0.047420703,0.026879743,0.0075878403,
0126_02.png,0.02284391,0.0035150605,0.024368193,0.0016213795,0.01574035,0.0015784737,0.8774916,0.032071304,0.059556026,0.027711352,
0126_05.png,0.014892569,0.0029578272,0.11322852,0.06404578,0.7698933,0.051114853,0.07611994,0.018383237,0.02586573,0.0034000135,
0126_10.png,0.06849886,0.03778836,0.34010687,0.056042768,0.53202236,0.08494709,0.034811903,0.0039503993,0.024559995,0.0037723691,
0130_01.png,0.018393936,0.002101539,0.023498345,0.0006195092,0.019069493,0.0020682195,0.8158167,0.060037453,0.12322152,0.057510115,
0135_02.png,0.023287525,0.0028704146,0.026990365,0.0014152783,0.015442151,0.0016502895,0.7325753,0.09786828,0.20170465,0.09421472,
0135_05.png,0.020199427,0.0037703991,0.053520493,0.0029619348,0.71400046,0.046505965,0.16978307,0.030928219,0.042496555,0.011337485,
0148_02.png,0.021045147,0.0019133759,0.026237417,0.0009794066,0.029916301,0.004874808,0.79075617,0.05692429,0.13204494,0.05488773,
0148_04.png,0.021585781,0.004371749,0.059794772,0.011214798,0.7718158,0.023131946,0.120498374,0.023243513,0.026305327,0.003927313,
0149_01.png,0.022933813,0.0026647572,0.033472322,0.0041142837,0.021809623,0.0032518734,0.5014412,0.044330865,0.420343,0.03679997,
0150_03.png,0.018279105,0.0019332038,0.050901115,0.019230343,0.29085234,0.08094336,0.55699384,0.08015769,0.08297358,0.019419296,
0151_05.png,0.026936185,0.003717218,0.032892697,0.0040299054,0.42399678,0.048131235,0.47515172,0.056239437,0.04102259,0.004273944,
0153_03.png,0.874337,0.029030262,0.057590377,0.013362634,0.030731067,0.018255837,0.02252116,0.011173347,0.014820422,0.0024105988,
0155_02.png,0.022249287,0.003503528,0.023439368,0.0013280817,0.016331961,0.0024283235,0.85889786,0.036817547,0.07908155,0.033254243,
0156_03.png,0.022026826,0.0036314335,0.023838017,0.0013060155,0.013326414,0.0013102113,0.88402414,0.028593307,0.056784622,0.024343418,
0162_02.png,0.01945712,0.0025208883,0.02393381,0.0020817441,0.021870833,0.004217399,0.74974835,0.040622335,0.18498994,0.033724524,
0163_01.png,0.022499602,0.0030677018,0.02094687,0.0015478407,0.024291897,0.0047208765,0.8737594,0.02588215,0.05850228,0.021394484,
0163_02.png,0.024605403,0.004039177,0.02848189,0.0020496412,0.37196025,0.054722827,0.5365901,0.05431241,0.03836233,0.0073325904,
0166_02.png,0.020269651,0.002417043,0.017312896,0.00172671,0.0437553,0.008923495,0.8703966,0.025097623,0.04826542,0.019053109,
0167_01.png,0.020569045,0.002965936,0.020194922,0.0017729802,0.018321848,0.003868273,0.84106463,0.06526989,0.09984954,0.059831806,
0169_05.png,0.021800179,0.0030248542,0.022790313,0.0012162558,0.014799143,0.0010604679,0.8783679,0.032425307,0.062242467,0.028047856,
0173_01.png,0.019847011,0.009263916,0.035730522,0.019585378,0.014986569,0.008725909,0.13099584,0.105971485,0.7984401,0.14303678,
0174_01.png,0.022593122,0.0032405076,0.02454875,0.0013656181,0.014898693,0.0015617987,0.83132684,0.053030923,0.106632575,0.04840739,
0175_04.png,0.023295168,0.0038575502,0.026925102,0.0033146776,0.4247377,0.047294203,0.491234,0.05242507,0.03380806,0.003326379,
0176_03.png,0.020768497,0.004076022,0.019565973,0.0019040599,0.011985505,0.0010007471,0.8911913,0.031204758,0.05648873,0.025308497,
0182_03.png,0.02092545,0.003191742,0.023956131,0.0013263745,0.014922922,0.0018374432,0.8734436,0.026160408,0.06675186,0.021169333,
0183_02.png,0.5080883,0.06471134,0.3816145,0.05677407,0.06359431,0.009346352,0.022649935,0.0015669798,0.024052944,0.0014686075,
0184_01.png,0.020628601,0.0034845027,0.023045484,0.0017431248,0.013216021,0.0012419685,0.87603414,0.037760522,0.0670757,0.032736227,
0184_02.png,0.01736522,0.0027524966,0.017733188,0.0017307493,0.12614496,0.03090747,0.7423806,0.021072393,0.096376,0.027311964,
0188_01.png,0.021972422,0.0035652795,0.018082473,0.0022221832,0.028499912,0.0036761314,0.9054661,0.01309717,0.025979146,0.0069890157,
0189_01.png,0.019967243,0.0023328974,0.028299455,0.0023227304,0.03387226,0.0075672935,0.76204026,0.046285253,0.1558208,0.043126736,
0194_05.png,0.022334974,0.0031713357,0.035579793,0.004851046,0.5331753,0.019388594,0.36987796,0.027743744,0.039032035,0.0076473285,
199_01.png,0.022618208,0.0033653951,0.02528742,0.0016976246,0.0152160125,0.0016929358,0.87774056,0.03055835,0.05913782,0.025756296,
200_02.png,0.5981838,0.09781485,0.2962214,0.091147654,0.06636129,0.011872113,0.019567642,0.0011178916,0.019665873,0.0012598553,
201_03.png,0.022423124,0.0027981421,0.025680995,0.0011524764,0.020443102,0.002679571,0.8368042,0.03894162,0.094648525,0.03538938,
203_03.png,0.021894764,0.0031827094,0.020829314,0.0019135847,0.053046733,0.019814277,0.86703044,0.022831082,0.037198745,0.011399083,
204_05.png,0.040043525,0.005908684,0.3443807,0.039447524,0.5596115,0.0414414,0.029996261,0.002948722,0.025967991,0.0024818692,
205_01.png,0.019453691,0.0042031356,0.018610151,0.0019632922,0.020570237,0.0017602572,0.9152768,0.014471324,0.026089054,0.009804877,
209_01.png,0.021789778,0.0038687827,0.019754127,0.0017687598,0.015688414,0.0018052981,0.8964609,0.025917694,0.046306755,0.020292006,
211_01.png,0.022539735,0.004155128,0.020297933,0.0020916122,0.01098279,0.0011766336,0.88439333,0.026811814,0.061786186,0.020288281,
212_01.png,0.1332659,0.039243866,0.53506553,0.016201176,0.2869927,0.03684389,0.022265922,0.002901168,0.022409894,0.00089279533,
212_02.png,0.16374092,0.0236545,0.57792693,0.029790547,0.19531076,0.030113326,0.028389165,0.0045418586,0.034632195,0.0026065686,
213_02.png,0.5542966,0.13317338,0.29528016,0.09495392,0.10875441,0.049360987,0.022951392,0.004563096,0.018717451,0.0027733129,
215_01.png,0.020633897,0.004274045,0.023947224,0.0021126233,0.01688095,0.00074520265,0.8897568,0.025069889,0.04878118,0.019090058,
215_03.png,0.01914982,0.0030494768,0.022016805,0.0013907951,0.012830632,0.0016636228,0.8684777,0.034960575,0.07752502,0.030433813,
216_03.png,0.019862082,0.002072178,0.021457132,0.0010385948,0.021978151,0.0026110497,0.8488811,0.03815426,0.08782147,0.03570055,
221_06.png,0.02272931,0.004275527,0.021172006,0.0022481722,0.014482124,0.001269204,0.8891411,0.026648378,0.0524755,0.020516828,
221_07.png,0.019785555,0.0021043515,0.017354395,0.0012933393,0.070655555,0.0197657,0.8640456,0.027733283,0.028158814,0.0063403556,
237_04.png,0.020926995,0.0033542027,0.026595827,0.00071143697,0.01585081,0.0014943981,0.84383804,0.043284528,0.09278835,0.040403787,
243_01.png,0.029677192,0.0031311254,0.24225953,0.07618974,0.6724903,0.06982627,0.036277324,0.009007664,0.01929563,0.0023013595,
251_01.png,0.02126224,0.004518455,0.05866281,0.0120126465,0.7700341,0.022637831,0.12414004,0.0142714735,0.025900831,0.0038963272,
255_01.png,0.34593272,0.08650521,0.50178075,0.06831819,0.096294,0.022423645,0.022847999,0.0014030517,0.03314454,0.0021340782,
255_02.png,0.36527294,0.028478563,0.49424154,0.02760577,0.08879884,0.0063911444,0.022522738,0.0026906703,0.029163945,0.0021865622,
257_02.png,0.023152912,0.0035489025,0.11193919,0.014273302,0.78402317,0.01606564,0.060539044,0.0051823617,0.020345677,0.0030969512,
258_03.png,0.022995574,0.00264031,0.025938574,0.00097098673,0.020442296,0.0016766285,0.82610273,0.044405248,0.1045208,0.042251565,
262_02.png,0.024168711,0.003987493,0.022865321,0.0020881626,0.014857411,0.002513125,0.8187526,0.056477077,0.11935598,0.04949821,
275_07.png,0.01967867,0.0021336025,0.02074047,0.0014584849,0.018701497,0.0016733417,0.7912875,0.06494899,0.1495919,0.061680697,
277_01.png,0.05929783,0.013401163,0.4328859,0.030440014,0.4463965,0.037364893,0.031218642,0.0044854744,0.030201113,0.004082541,
279_01.png,0.021979371,0.00490849,0.021766637,0.004848211,0.24542885,0.07262872,0.6851887,0.08711972,0.02563641,0.0061418503,
281_01.png,0.53587264,0.13860716,0.3249043,0.09871387,0.09490708,0.03894196,0.022512427,0.0025951038,0.021803545,0.0028714184,
282_01.png,0.39570442,0.016802516,0.45362726,0.013073623,0.08863441,0.0041334904,0.02819096,0.0036956046,0.033842977,0.0027704698,
283_01.png,0.022431755,0.0016642445,0.02990894,0.0021901773,0.07096049,0.017888308,0.7798685,0.03569993,0.09683028,0.027206136,
283_03.png,0.023435786,0.0036074978,0.02705887,0.0013417319,0.45561042,0.062307354,0.4635245,0.063544236,0.030370414,0.0019014312,
288_01.png,0.020032858,0.0026309125,0.024345238,0.0025067327,0.02387619,0.0057845395,0.82119447,0.058772784,0.110551216,0.050538298,
292_03.png,0.025266092,0.0040319203,0.030748686,0.0039535374,0.028062183,0.0049146665,0.7531646,0.04735874,0.16275847,0.040500697,
294_03.png,0.018465975,0.0022873858,0.015745372,0.001304761,0.036232613,0.004851039,0.89681756,0.01847452,0.032738388,0.013067425,
300_07.png,0.02690953,0.0047889547,0.076243065,0.013313086,0.74538743,0.010757353,0.12682888,0.010930184,0.024631038,0.002715885,
301_05.png,0.020951163,0.002308456,0.02483276,0.0012346208,0.016631225,0.0021171083,0.7373339,0.05571363,0.20025091,0.05279822,
301_07.png,0.022812683,0.0030096818,0.021761144,0.0014895498,0.03634564,0.007443402,0.8634488,0.011977339,0.055631667,0.013373038,
302_02.png,0.015868556,0.0012204648,0.029370382,0.0020167576,0.23879683,0.02166944,0.5577658,0.02577671,0.15819849,0.011840968,
304_01.png,0.09496384,0.015440566,0.48537025,0.0359702,0.36376476,0.034240417,0.029154211,0.0042124735,0.026746893,0.001882629,
306_02.png,0.5708585,0.08058856,0.23803535,0.040186875,0.11506637,0.040288404,0.047060035,0.023465743,0.02897976,0.008421375,
307_01.png,0.024796829,0.0037132562,0.023345456,0.0021732931,0.01624678,0.0031860594,0.79583406,0.060322866,0.13977686,0.05404714,
309_04.png,0.020856002,0.002348652,0.018186297,0.001039421,0.05691213,0.01820425,0.85887176,0.023588257,0.04517383,0.01319893,
310_02.png,0.022507522,0.002835571,0.024511928,0.0015829655,0.020677406,0.0027679591,0.81281793,0.04306497,0.1194852,0.039865892,
310_03.png,0.02103645,0.0016226645,0.02526905,0.00058622524,0.05497008,0.01898712,0.8186428,0.031654097,0.08008163,0.038661078,
311_02.png,0.016229846,0.0025833852,0.020620117,0.004418901,0.010028534,0.0017956248,0.029520124,0.008877784,0.92360145,0.0068869856,
311_04.png,0.022087652,0.0035089834,0.020123318,0.0016800244,0.017386286,0.0022569343,0.89108133,0.0226144,0.049321394,0.017305087,
319_01.png,0.025037363,0.0055830767,0.044627953,0.007201986,0.66548127,0.023130218,0.23037295,0.01741939,0.03448042,0.0043987106,
319_05.png,0.021059465,0.0029188583,0.021988159,0.0021303615,0.08603604,0.035627488,0.8066968,0.04326945,0.064219505,0.029785257,
319_06.png,0.023844233,0.0047523244,0.02891543,0.0047619306,0.48043418,0.03424594,0.4295829,0.04223825,0.037223257,0.0050312574,
322_01.png,0.861921,0.027938407,0.08088805,0.03257697,0.02239409,0.0035478622,0.019104624,0.005343172,0.015692173,0.0016900968,
324_02.png,0.021910373,0.0045748977,0.023477081,0.0051076123,0.29008228,0.057174355,0.63006943,0.07033052,0.034460843,0.0051131425,
326_03.png,0.017720591,0.004035006,0.021443974,0.0029473826,0.48943806,0.041000355,0.43639517,0.04340572,0.0350022,0.0046221567,
328_01.png,0.019492963,0.0017677201,0.025979957,0.0010651725,0.02108822,0.0026354666,0.5251652,0.18579778,0.4082737,0.18630943,
329_03.png,0.018575354,0.0049058753,0.05380099,0.012884618,0.80718136,0.023755036,0.100069895,0.019537799,0.02037232,0.0030911546,
333_02.png,0.015805727,0.0018270402,0.046360597,0.014363897,0.54657304,0.060517423,0.32010484,0.06049744,0.07115576,0.015235931,
338_04.png,0.029721688,0.006015457,0.04545242,0.0036936686,0.6236915,0.05556074,0.26740217,0.05275227,0.033732206,0.003625124,
339_01.png,0.03175499,0.0049390933,0.09184042,0.04739833,0.05811312,0.021042682,0.16713738,0.041491304,0.65115416,0.07381309,
341_02.png,0.022608804,0.003417262,0.18821175,0.03324607,0.7348072,0.03510419,0.035716377,0.0031008832,0.018655837,0.0021959036,
341_04.png,0.022271197,0.004462475,0.08208412,0.0058240397,0.8170082,0.017039156,0.059907556,0.009306914,0.018728863,0.003280056,
344_02.png,0.01972368,0.002329775,0.029639427,0.005921194,0.28423446,0.043138158,0.59599876,0.0365602,0.07040361,0.017276216,
345_01.png,0.026426038,0.0029674936,0.19255848,0.031897202,0.68199813,0.03268254,0.06871775,0.008046635,0.030299604,0.0047864094,
345_03.png,0.030853247,0.004501936,0.124991916,0.010347898,0.7318715,0.01441649,0.08629668,0.0025624363,0.025986638,0.0021530995,
347_01.png,0.020509578,0.0036203037,0.020913858,0.0009296073,0.013686815,0.00088353205,0.8620815,0.048839334,0.08280815,0.044682845,
347_04.png,0.014655128,0.00399006,0.033118058,0.00789881,0.74738395,0.027623555,0.17918168,0.02412109,0.025661182,0.0044216746,
350_04.png,0.017874394,0.003480081,0.10119879,0.03871995,0.77566385,0.03282066,0.08122958,0.014157122,0.02403336,0.002759979,
352_01.png,0.021323632,0.0042467564,0.019723674,0.0028154915,0.01617454,0.0017466219,0.90730304,0.020296782,0.035475068,0.013758562,
352_04.png,0.01702631,0.0030919844,0.03926023,0.015212134,0.6602355,0.040551484,0.24899688,0.04399254,0.034481045,0.006928788,
353_05.png,0.021938007,0.0027590247,0.026630998,0.0038755056,0.028104192,0.006753067,0.67591345,0.18386187,0.2474134,0.1730738,
357_02.png,0.022203697,0.0037514628,0.021834766,0.0021527067,0.019153373,0.002248431,0.8865975,0.026877346,0.050210573,0.020942036,
361_02.png,0.021622928,0.0036220774,0.021328801,0.0020349387,0.014278643,0.0010368358,0.86497056,0.046493825,0.07779898,0.040886026,
365_01.png,0.020028125,0.0028237093,0.018665837,0.0021996223,0.13522322,0.02841613,0.79077244,0.032088008,0.03531038,0.008735998,
367_01.png,0.024847202,0.004836977,0.068090044,0.0076763215,0.78749335,0.025456289,0.09433995,0.019486338,0.025229448,0.0045758956,
368_01.png,0.02180607,0.0033835834,0.023568166,0.0017223282,0.012777647,0.0014864289,0.8504418,0.049593978,0.09140632,0.044343725,
369_01.png,0.0216797,0.0034164467,0.02424069,0.0016378307,0.01597495,0.002404673,0.8599911,0.036741443,0.07811358,0.030971877,
369_03.png,0.021191657,0.0022636822,0.022834715,0.0001754425,0.01639384,0.0020033007,0.8211344,0.047771253,0.11844542,0.048090983,
392_01.png,0.02216294,0.0037855525,0.02139833,0.0019448646,0.015948998,0.0015310607,0.896074,0.020545352,0.044415765,0.014471681,
392_07.png,0.025385195,0.0057047014,0.075600505,0.006561101,0.81559086,0.02146919,0.064651325,0.010755024,0.018772122,0.0036059888,
399_01.png,0.02095623,0.0028895498,0.022611452,0.0014148478,0.011875121,0.0019770334,0.78686076,0.071110316,0.15769646,0.066951275,
399_02.png,0.018337103,0.003563911,0.053608947,0.005047785,0.7512396,0.022046514,0.14846286,0.015589697,0.028351495,0.0047725355,
400_01.png,0.021938521,0.0042397967,0.024910789,0.0015949496,0.014420472,0.0013110399,0.86476326,0.03805172,0.073967025,0.032725733,
401_01.png,0.023112275,0.0023560622,0.024605084,0.0008614015,0.018816333,0.0024199395,0.8442127,0.03297633,0.08925353,0.029395353,
401_02.png,0.019572275,0.0049608913,0.044132665,0.0070883306,0.754138,0.021579988,0.15531221,0.010778069,0.02684485,0.0038850468,
402_01.png,0.02156462,0.0017042826,0.026703432,0.0008345133,0.026838953,0.0040957783,0.78070325,0.04634803,0.1441898,0.044609103,
404_01.png,0.037069947,0.004022483,0.1848652,0.02684988,0.7208516,0.021305095,0.03786766,0.0039119353,0.019345535,0.0023084562,
406_02.png,0.44641814,0.10250328,0.30209842,0.08416081,0.20976439,0.06489917,0.02229658,0.0036566625,0.019422475,0.0017315306,
412_02.png,0.021016855,0.0038847374,0.019848783,0.0018865758,0.017673945,0.0029805389,0.8883513,0.021595929,0.05310908,0.016162863,
414_07.png,0.019979041,0.0046093483,0.023945753,0.0033225778,0.018598305,0.0017086362,0.85617197,0.051649123,0.08130492,0.044109967,
421_02.png,0.029750848,0.006455102,0.100986004,0.02008667,0.77167094,0.023072084,0.07593926,0.008257452,0.021652943,0.0033082464,
428_01.png,0.028774505,0.004668191,0.027921256,0.003196904,0.026067967,0.006090718,0.7773603,0.047724806,0.13987596,0.043050237,
430_02.png,0.02308239,0.004778382,0.08298085,0.0064836186,0.8075577,0.014942975,0.06723704,0.0053257123,0.019142102,0.0029210679,
430_04.png,0.06286768,0.014750041,0.49321598,0.036289863,0.4077793,0.048528813,0.017283216,0.0016893592,0.018853825,0.0013491712,
432_04.png,0.80389917,0.043769214,0.12325005,0.044395205,0.034234345,0.008596941,0.020815168,0.0045231837,0.017801216,0.000913714,
433_02.png,0.024177799,0.002793443,0.026319101,0.0010835713,0.028229054,0.0039983527,0.8276167,0.035085525,0.09365739,0.03232135,
434_02.png,0.8329894,0.024714213,0.10288064,0.027183268,0.03083283,0.007892384,0.01790646,0.0039702943,0.015390704,0.001413083,
436_04.png,0.017923603,0.003515418,0.04677665,0.02011253,0.75987566,0.0056675593,0.1525959,0.027046742,0.022828214,0.0028123828,
436_06.png,0.018995706,0.006758438,0.025205309,0.003119842,0.016822394,0.0009999244,0.883554,0.035599124,0.055422533,0.028202157,
438_01.png,0.022375412,0.0028784247,0.020794779,0.0016348787,0.034196913,0.0048268097,0.88184196,0.019510742,0.040790983,0.014953243,
439_04.png,0.43794698,0.123082094,0.36763757,0.09172437,0.14502926,0.04093309,0.027353212,0.0031927025,0.02203293,0.0021413853,
444_01.png,0.13703148,0.021560097,0.5834588,0.032420054,0.21049313,0.03381015,0.036411956,0.009031122,0.032604672,0.0039097713,
446_01.png,0.023819352,0.0043309066,0.03327858,0.0032309839,0.5313868,0.058112733,0.3764209,0.05817739,0.035094395,0.004616609,
451_01.png,0.025486302,0.003582817,0.22073321,0.048014734,0.7052776,0.05021362,0.030607486,0.003092425,0.017895332,0.0026964117,
452_01.png,0.02066036,0.0032671355,0.01876114,0.0021321753,0.025144616,0.0025128524,0.9013708,0.016500534,0.034063037,0.012159208,
456_04.png,0.020818247,0.0032326896,0.020830536,0.0016749587,0.015689608,0.0025314512,0.82086116,0.03730098,0.1218005,0.032788504,
457_04.png,0.041848645,0.0037154735,0.110156894,0.018522488,0.7028333,0.027149225,0.10860275,0.02015962,0.036558427,0.0074231783,
460_02.png,0.026209425,0.0043127853,0.04188227,0.0033156076,0.590904,0.032246504,0.2934752,0.0278354,0.047529068,0.0067294184,
462_01.png,0.8284901,0.038331736,0.100769565,0.03707754,0.03946944,0.011893199,0.01643503,0.0029139647,0.014835904,0.0014442434,
462_02.png,0.026958972,0.0083936695,0.08269151,0.01677304,0.6665821,0.07697701,0.16007814,0.036665436,0.06368928,0.022824552,
467_02.png,0.023156524,0.0021621992,0.025830049,0.0011527191,0.048661236,0.01213415,0.81050664,0.029376267,0.09184552,0.0329121,
471_02.png,0.020576077,0.00078982726,0.031752396,0.0039777434,0.14580314,0.032969296,0.73825854,0.032967124,0.06360981,0.014640795,
474_01.png,0.021222878,0.0020928911,0.024828404,0.00039227703,0.016591102,0.001834591,0.8145302,0.043396965,0.12282741,0.041098267,
483_02.png,0.02140194,0.0060485844,0.022796601,0.002928943,0.60233825,0.036794804,0.32835287,0.026031533,0.025110265,0.0039692014,
484_01.png,0.0227137,0.0028324586,0.023825822,0.0005629127,0.013456503,0.0014110822,0.8175969,0.05254508,0.122407064,0.050703134,
495_03.png,0.020750666,0.0016715254,0.025596226,0.001096161,0.029732516,0.0034951917,0.6310285,0.084308825,0.29289216,0.08434757,
496_01.png,0.022244658,0.004440881,0.02541039,0.0026855657,0.016269919,0.0013983123,0.87661064,0.035537288,0.059464358,0.028038127,
496_06.png,0.025350701,0.0057563,0.03713128,0.0049028476,0.64814407,0.03447983,0.25712058,0.032356255,0.032253407,0.0044561992,
504_01.png,0.021270934,0.0025270341,0.026636686,0.0012391853,0.023199832,0.0043228515,0.8271696,0.061168425,0.10172293,0.05597717,
505_01.png,0.028486153,0.0062800944,0.08302526,0.0121459,0.61623937,0.030763177,0.20307131,0.011019399,0.06917788,0.017764075,
508_01.png,0.36561888,0.048922043,0.46009398,0.061441965,0.12502965,0.017853577,0.022640638,0.0020207341,0.02661685,0.0016198974,
508_02.png,0.06521384,0.009099535,0.36078075,0.023599863,0.51940465,0.030587427,0.03033349,0.003722175,0.024267267,0.0032278372,
511_01.png,0.02033055,0.0017687634,0.034576952,0.0028083238,0.030881379,0.0043855202,0.524536,0.09597478,0.38967505,0.09170036,
512_01.png,0.022143101,0.0028353522,0.026122445,0.0015459129,0.020687526,0.0034003053,0.78959405,0.048040017,0.14145291,0.04302689,
516_01.png,0.020072833,0.004021626,0.015668748,0.0027790403,0.18545294,0.037261754,0.74819374,0.045391582,0.03061178,0.0075276447,
519_01.png,0.026988814,0.0036086778,0.06211392,0.009639644,0.3204631,0.07911805,0.3996064,0.05171289,0.19082779,0.051869217,
523_02.png,0.05983028,0.014813695,0.2475292,0.036954015,0.6247211,0.035915833,0.041544657,0.0068930285,0.026374787,0.0010020795,
524_03.png,0.041721202,0.005650092,0.1866112,0.02999243,0.7033642,0.023272848,0.04595868,0.007864421,0.022344714,0.0034906624,
525_02.png,0.020682558,0.0040555727,0.01673786,0.0031152125,0.15564902,0.040974554,0.77879477,0.048642553,0.028135827,0.0059403833,
528_03.png,0.022107383,0.003336849,0.02037107,0.002176487,0.021358062,0.0016087288,0.8948332,0.021043804,0.04133027,0.016083607,
529_02.png,0.021441007,0.002208437,0.025821865,0.0018237527,0.019490296,0.003262316,0.716558,0.09843007,0.21668884,0.093047194,
531_02.png,0.02616793,0.0030766707,0.025602024,0.002118901,0.13062064,0.03167685,0.7713959,0.03678781,0.046213467,0.009524949,
537_01.png,0.022826497,0.003389527,0.021921154,0.0015683763,0.016084688,0.0025685036,0.83086455,0.047589764,0.108303204,0.04167243,
539_02.png,0.019518835,0.002202381,0.018798491,0.0013376927,0.10924295,0.045224115,0.81147957,0.04476228,0.040960155,0.0129947495,
541_01.png,0.030035159,0.0046515153,0.052502178,0.0043474054,0.67249364,0.021534776,0.21249244,0.020826554,0.03247655,0.0041303807,
545_01.png,0.020787587,0.0023916464,0.023509767,0.0032861715,0.015262099,0.003698108,0.2455307,0.106904075,0.69490993,0.11233731,
547_05.png,0.018499061,0.0021593624,0.022833146,0.0013273002,0.063635275,0.024054764,0.8242073,0.023623737,0.07082519,0.02683332,
549_01.png,0.020105513,0.001845318,0.028995428,0.001351768,0.036651626,0.006642707,0.81285703,0.055319753,0.10139029,0.0576672,
556_01.png,0.020523435,0.0029688126,0.021191347,0.0015533348,0.012161975,0.0017931693,0.81478995,0.066347405,0.1313333,0.061335076,
558_02.png,0.02061992,0.0046091136,0.046628784,0.008620856,0.7829323,0.023058837,0.12863304,0.021616068,0.02118602,0.0034175087,
560_01.png,0.033216853,0.006583983,0.05376613,0.012298557,0.5021097,0.060385954,0.36880136,0.06597237,0.04210593,0.009635898,
560_02.png,0.022532148,0.0031588434,0.024863973,0.0030217916,0.0258515,0.005504425,0.80111396,0.07168817,0.1256384,0.06353483,
563_01.png,0.021708572,0.003516291,0.021320647,0.0015553456,0.014730284,0.0022493412,0.8589455,0.045094334,0.08329506,0.040044982,
564_03.png,0.024179796,0.0038908394,0.02101017,0.0022133093,0.03413308,0.0070393714,0.8648965,0.029252505,0.05578041,0.02109143,
573_01.png,0.81146395,0.061965883,0.11904381,0.05868396,0.033943985,0.007603829,0.017998016,0.0022042016,0.017550254,0.0007816305,
574_01.png,0.3318686,0.015125041,0.44542265,0.01907374,0.13823098,0.016400138,0.042093165,0.0071676373,0.042384572,0.0040415563,
579_01.png,0.023201166,0.003796338,0.02192887,0.0017767065,0.015685873,0.0019350536,0.8751577,0.029605635,0.06402634,0.023977274,
587_02.png,0.13996246,0.08874804,0.5267122,0.05750261,0.2638355,0.061236948,0.03461741,0.007534503,0.034872465,0.0077994787,
588_04.png,0.021172628,0.0032856513,0.02089204,0.0018954031,0.019814555,0.0033466783,0.86310875,0.047266077,0.07501197,0.04281312,
588_10.png,0.022611398,0.0030701496,0.02375082,0.0016162999,0.01828147,0.0021438687,0.83418703,0.041075893,0.1011693,0.037355434,
591_03.png,0.016917557,0.001013197,0.022626046,0.0013877886,0.10402705,0.030339407,0.79995704,0.03797854,0.05647231,0.01691039,
600_04.png,0.7014931,0.099673115,0.14051287,0.060966615,0.05095402,0.018889414,0.074551895,0.09266762,0.032488145,0.015699193,
602_03.png,0.020779194,0.0040638978,0.057713438,0.012758468,0.77215004,0.016272571,0.120685935,0.008765503,0.028671395,0.004363396,
603_03.png,0.019427996,0.0024356165,0.020194937,0.00092090905,0.013394706,0.00081152684,0.81655896,0.06866011,0.1304234,0.066705585,
607_06.png,0.01464155,0.0018938697,0.023609241,0.005031099,0.010346028,0.0017911785,0.072078206,0.015244937,0.8793249,0.015413859,
608_01.png,0.03508265,0.01356884,0.1685439,0.03671606,0.6277494,0.08006689,0.079826996,0.012876144,0.08879699,0.0321314,
608_02.png,0.018748099,0.0009792302,0.030561876,0.002438035,0.02762254,0.004079478,0.3667361,0.122816935,0.55633134,0.12702306,
608_03.png,0.028172832,0.0043345117,0.047987685,0.009175049,0.39601654,0.06320907,0.47565573,0.054839626,0.052167196,0.013031773,
611_01.png,0.023981925,0.0037891795,0.030375268,0.0054414966,0.45228872,0.04160386,0.4513382,0.05117742,0.042015832,0.0086205695,
615_02.png,0.02222446,0.0036079967,0.027001316,0.0029623618,0.25552863,0.06144515,0.63684237,0.06376895,0.058403235,0.020516967,
616_02.png,0.082030796,0.013562407,0.5695121,0.046000257,0.29369804,0.039316688,0.02610656,0.0048562763,0.028652439,0.0029722888,
618_02.png,0.02056149,0.0040161186,0.056676377,0.019305365,0.7709049,0.018282807,0.1267455,0.017817292,0.025111755,0.0038119026,
626_09.png,0.117696404,0.022449685,0.49209398,0.059265576,0.3417495,0.04371097,0.024159772,0.00611068,0.024300313,0.003001272,
628_02.png,0.023053959,0.0044129216,0.02117063,0.0034346576,0.26805007,0.032733534,0.65397173,0.03728027,0.03375359,0.0072739646,
629_05.png,0.021813897,0.0038174784,0.022320252,0.0020585808,0.016581703,0.0019125114,0.87796175,0.032350257,0.06132239,0.026436083,
632_03.png,0.02792326,0.0026672024,0.029513264,0.0024814876,0.07796768,0.020006929,0.7874689,0.027502203,0.077126876,0.022951173,
634_01.png,0.02157295,0.0019538624,0.038665496,0.0063166036,0.21559238,0.053257354,0.61032695,0.034908835,0.11384219,0.028579775,
634_05.png,0.01765323,0.0052650776,0.030159224,0.0044937828,0.73450065,0.025406599,0.19294554,0.018789703,0.024741367,0.0036882365,
636_07.png,0.026865572,0.003731466,0.044144772,0.005080396,0.36380595,0.07120184,0.49668235,0.049835447,0.06850134,0.023583142,
636_08.png,0.021013014,0.0043062996,0.027055716,0.0042442908,0.48994175,0.029216984,0.42868716,0.03509238,0.03330235,0.0056760944,
639_06.png,0.019757751,0.0033408056,0.023579568,0.0016756356,0.015434223,0.0027778111,0.8728776,0.034737755,0.068350926,0.028141845,
640_03.png,0.020920003,0.0036633373,0.026890937,0.0040853596,0.42482272,0.03012188,0.48663205,0.031117935,0.040734317,0.003976935,
641_01.png,0.022490783,0.002125354,0.02356283,0.0017493686,0.057992555,0.015289046,0.8186258,0.03776905,0.07732801,0.03380734,
643_02.png,0.012349798,0.0038151415,0.019803971,0.003205989,0.021654798,0.0037847771,0.92280644,0.019420559,0.023385009,0.010628171,
648_09.png,0.020385785,0.002754494,0.02369016,0.0011841649,0.014742868,0.0019352799,0.8415433,0.058944605,0.09963791,0.054468676,
649_05.png,0.023738397,0.0044022687,0.09921833,0.008505692,0.81180155,0.017963793,0.0478252,0.0051720394,0.017416507,0.0034003446,
652_04.png,0.022969361,0.0031856946,0.022101039,0.0016620181,0.021802498,0.0030247516,0.8686638,0.03118074,0.06446324,0.026979093,
658_01.png,0.021379216,0.0043563917,0.02306472,0.0026331728,0.01769248,0.0009617445,0.9004483,0.022351392,0.03741523,0.01550827,
659_01.png,0.33460265,0.01566506,0.46460915,0.03216681,0.14760526,0.022077035,0.024238877,0.0029497533,0.028944124,0.0024975424,
660_03.png,0.8420764,0.046680797,0.09205128,0.047955867,0.03338849,0.0063504637,0.017152157,0.0037599544,0.015331605,0.0018465187,
661_02.png,0.026022498,0.0008542588,0.22293468,0.05297454,0.70104945,0.04776118,0.029235452,0.0058390386,0.020757865,0.0034599074,
662_01.png,0.082736395,0.006273909,0.60295385,0.04293031,0.25586215,0.03496762,0.025585432,0.0049952134,0.03286214,0.0036516811,
664_01.png,0.00854364,0.0026690895,0.014078552,0.0052703572,0.0058265617,0.002131831,0.036860753,0.009847104,0.9346905,0.01834332,
667_02.png,0.020818818,0.004136506,0.019629402,0.002387072,0.015874734,0.0008528434,0.90189713,0.024537113,0.04177987,0.018484877,
671_01.png,0.01722272,0.0008751324,0.021120764,0.0018659988,0.01924559,0.0028725355,0.21229129,0.09355533,0.73011965,0.09718703,
677_01.png,0.020751867,0.003372606,0.018529078,0.0024305824,0.025233101,0.0028912902,0.8664273,0.044507246,0.069058694,0.038534213,
678_01.png,0.027729217,0.0042058476,0.033526327,0.004170124,0.040300317,0.010293854,0.7739507,0.04419114,0.124493495,0.0353994,
687_01.png,0.02209664,0.003886515,0.024911677,0.0019173031,0.016679171,0.0025132662,0.85973024,0.03854051,0.076582275,0.03217601,
689_01.png,0.016836029,0.0030205953,0.023564195,0.004194181,0.39746767,0.047822446,0.5168064,0.044140216,0.045325704,0.010904368,
689_02.png,0.019294482,0.0029792606,0.017701302,0.002795374,0.17159808,0.02316875,0.7487241,0.03597864,0.042682014,0.01873435,
693_01.png,0.02269433,0.0030761186,0.023933262,0.0011578259,0.027095776,0.00436597,0.847476,0.025745424,0.07880063,0.023459818,
702_01.png,0.07320272,0.009262603,0.42938095,0.04527902,0.4525991,0.0473688,0.02282969,0.0024794457,0.021987516,0.0028252145,
704_02.png,0.019630551,0.0040000477,0.0143763665,0.0022655954,0.05359416,0.013080214,0.8894494,0.023825187,0.02294954,0.007937203,
708_02.png,0.11132188,0.037160985,0.55712813,0.0369716,0.27966782,0.061474707,0.026685243,0.005618241,0.025196914,0.0043165535,
710_02.png,0.019465558,0.002952852,0.023826659,0.0022644731,0.31323713,0.0520084,0.5832765,0.047459558,0.060194135,0.01128351,
720_01.png,0.019589063,0.0042986493,0.032060217,0.0037687044,0.56348306,0.037591122,0.34609485,0.03258132,0.03877279,0.008030194,
736_02.png,0.045340735,0.015391764,0.115294755,0.027713165,0.5376824,0.10635439,0.24163182,0.08342273,0.0600502,0.019051291,
746_01.png,0.48312378,0.09267083,0.35364762,0.053341933,0.10820006,0.042536482,0.027594417,0.008332245,0.027434085,0.0038872426,
755_01.png,0.021200176,0.0027890848,0.04695319,0.009995678,0.35444528,0.07278557,0.30262274,0.07388011,0.2747786,0.10656546,
757_01.png,0.013718454,0.0022832195,0.019832548,0.003956363,0.009985146,0.0020700693,0.036963683,0.00669462,0.9195002,0.012776935,
759_01.png,0.025864894,0.006869668,0.03637114,0.0061370763,0.6025278,0.031470526,0.30491742,0.028216634,0.030318743,0.0039932365,
759_03.png,0.02212963,0.0049664336,0.026315589,0.0035411194,0.5076049,0.045785356,0.41286117,0.046816118,0.031088764,0.00429546,
761_02.png,0.020467097,0.0028917997,0.022502828,0.0010374227,0.015880238,0.0018434094,0.789193,0.03823213,0.15195689,0.03414756,
762_01.png,0.024385596,0.0018654447,0.2696995,0.12686719,0.55725825,0.101601295,0.10032219,0.030021993,0.048334546,0.011878088,
770_01.png,0.01983108,0.0017252483,0.024944773,0.0012957664,0.02851962,0.0034627356,0.78668463,0.06394935,0.14001986,0.060400557,
781_05.png,0.021243956,0.0017912814,0.027175147,0.0009294303,0.04292809,0.00420725,0.7774855,0.057809256,0.13116738,0.054500226,
784_01.png,0.020626213,0.0034476358,0.02004531,0.0025602656,0.12093762,0.031250168,0.7943715,0.04439633,0.044019256,0.015820887,
784_02.png,0.01765723,0.0041249935,0.047212515,0.00900318,0.7925667,0.013879946,0.12093804,0.0058636633,0.02162553,0.0032035992,
790_03.png,0.022163033,0.004024622,0.02516903,0.001362633,0.013721486,0.0011385815,0.8473563,0.050684623,0.09159021,0.045584608,
791_01.png,0.023621114,0.004665661,0.02151608,0.004075394,0.22787502,0.03581937,0.68947184,0.042744633,0.037515905,0.008879908,
807_02.png,0.020508742,0.001806294,0.23085013,0.10987543,0.686972,0.10122335,0.041034143,0.011066116,0.020634945,0.0026811324,
811_02.png,0.021723194,0.0022272689,0.025506545,0.00071754213,0.021984667,0.0026911532,0.82956064,0.030345382,0.1012249,0.028559789,
813_02.png,0.02415068,0.0033786627,0.026561063,0.0032226974,0.17430787,0.037738297,0.7164809,0.043344058,0.058499467,0.018435804,
819_01.png,0.024935585,0.0057859626,0.07943806,0.007218391,0.77081597,0.022658126,0.09191646,0.012030784,0.032893952,0.0072935545,
824_02.png,0.019735383,0.003440624,0.018810306,0.0021566278,0.012146296,0.0012754793,0.88728523,0.031026566,0.062022757,0.025740866,
824_03.png,0.017146528,0.003503047,0.06412597,0.015505524,0.8029396,0.019838877,0.093386844,0.005667069,0.022401063,0.0029216206,
830_01.png,0.029406825,0.0041060266,0.03130418,0.004853084,0.048465677,0.017408421,0.7824825,0.031186627,0.108340785,0.014200475,
832_01.png,0.020475617,0.0027991,0.01942142,0.0022469938,0.036872204,0.0076361285,0.8730167,0.0264871,0.05021407,0.023260463,
832_02.png,0.027163288,0.004677765,0.03220194,0.0045818845,0.34134513,0.05138995,0.55140364,0.066917986,0.047885977,0.011856673,
833_02.png,0.018726509,0.0014231376,0.03219919,0.0058538863,0.018894512,0.004243888,0.3699209,0.147793,0.5602589,0.1576008,
835_05.png,0.023083422,0.003303887,0.024380332,0.0016672746,0.02839842,0.0061305063,0.8401269,0.03330797,0.08401101,0.030296598,
836_01.png,0.023929443,0.0029051444,0.02701259,0.0010761858,0.0184904,0.0017730886,0.8363553,0.0499993,0.09421229,0.047411524,
837_01.png,0.020914111,0.0020560208,0.029683137,0.0026955577,0.08110912,0.023404876,0.7777688,0.015914455,0.09052483,0.01698948,
837_02.png,0.026463538,0.004276163,0.037412636,0.0042977026,0.5009078,0.031503655,0.3963632,0.035305172,0.038852777,0.006287393,
