0004_03.png,0.5751904,0.06780818,0.15373275,0.021842,0.22856677,0.035827994,0.04251002,0.011333216,
0005_08.png,0.63763946,0.03567905,0.10028331,0.01921868,0.23948236,0.019622756,0.022594884,0.00061418064,
0008_01.png,0.6790246,0.055548295,0.09022198,0.032390837,0.20175739,0.020345926,0.028996062,0.004129251,
0011_02.png,0.056492686,0.008292255,0.03192616,0.004152083,0.22681841,0.01169027,0.6847627,0.021690533,
0011_03.png,0.51856816,0.047571722,0.18549533,0.022307102,0.27635255,0.032171164,0.019583961,0.0010260888,
0014_04.png,0.18033466,0.028278288,0.119604394,0.018332075,0.22135743,0.013074665,0.47870356,0.04231909,
0014_05.png,0.044969466,0.00540149,0.031343818,0.002909748,0.1931478,0.008229437,0.73053896,0.0158849,
0017_02.png,0.028995683,0.006980227,0.014926881,0.0036643788,0.21454974,0.019555714,0.7415277,0.029409394,
0020_02.png,0.33698153,0.053958926,0.3032093,0.01768155,0.3419457,0.07049608,0.017863438,0.0017986238,
0024_02.png,0.5475106,0.034715712,0.17468973,0.01752533,0.2545231,0.027624257,0.023276534,0.0008902309,
0025_02.png,0.104357384,0.033131618,0.058372505,0.016700901,0.20432743,0.0067061377,0.6329427,0.056050207,
0029_01.png,0.2032084,0.04879848,0.11359169,0.02784618,0.23378034,0.0073870076,0.44941956,0.075622275,
0036_02.png,0.039303567,0.006509091,0.027565992,0.0044841077,0.18987665,0.010171504,0.74325377,0.020438133,
0036_05.png,0.120337054,0.02909609,0.104604825,0.030170515,0.20239833,0.0087888995,0.5726598,0.059474215,
0037_01.png,0.5665126,0.051591855,0.17730507,0.042191654,0.23518503,0.02477411,0.020997375,0.00014550124,
0039_03.png,0.032415718,0.00825857,0.019725868,0.005485366,0.17823587,0.012866087,0.7696225,0.026371168,
0047_04.png,0.38446435,0.037696324,0.26884264,0.04340451,0.32506946,0.03525334,0.021623598,0.0016724857,
0048_01.png,0.44918433,0.06613101,0.27320352,0.026462471,0.25360584,0.049340088,0.024006331,0.0013245402,
0052_03.png,0.71781176,0.03179582,0.052025627,0.018456228,0.20871124,0.012053672,0.021451343,0.0015629331,
0054_01.png,0.7267891,0.02729538,0.041630637,0.018954087,0.20153408,0.006255422,0.030046169,0.004171447,
0057_01.png,0.7161611,0.032261845,0.063351944,0.01960249,0.20229049,0.013299247,0.018196497,0.0011453034,
0057_02.png,0.7166589,0.02917826,0.036119044,0.015166276,0.22736244,0.011635755,0.019859623,0.0027674353,
0061_01.png,0.7406648,0.041267823,0.051582854,0.03131349,0.1871672,0.007422809,0.02058522,0.0032372805,
0062_01.png,0.6937235,0.035260342,0.08583571,0.025270006,0.2004526,0.010523431,0.019988157,0.0009180089,
0066_03.png,0.66069394,0.03576802,0.07270663,0.020092057,0.24617939,0.014537456,0.02042004,0.0014717041,
0066_05.png,0.746385,0.03467248,0.058365196,0.024723768,0.17093776,0.008111498,0.02431206,0.0024958763,
0067_01.png,0.07661458,0.02049662,0.06229626,0.019824592,0.20654964,0.008805808,0.65453947,0.044740137,
0070_01.png,0.465228,0.044834822,0.105867885,0.012016516,0.3275848,0.028656488,0.10131929,0.0134224035,
0071_04.png,0.06387252,0.019274127,0.029631829,0.008431189,0.24997827,0.013938984,0.6565174,0.041114777,
0072_02.png,0.09416648,0.036046516,0.0646539,0.023648962,0.22011308,0.0063660024,0.62106645,0.05858995,
0073_01.png,0.09270088,0.040816523,0.049457468,0.021009851,0.20730296,0.0057695173,0.65053874,0.06561051,
0081_03.png,0.7558564,0.02008816,0.036270224,0.013910506,0.18717246,0.004853446,0.020700928,0.002286009,
0084_02.png,0.7012701,0.029509963,0.058489304,0.01626552,0.21726122,0.0111102145,0.022979368,0.0024848483,
0092_01.png,0.77244425,0.0178179,0.025277723,0.011652911,0.18382376,0.004571179,0.01845428,0.002047237,
0092_06.png,0.6773613,0.042368997,0.097788736,0.027437644,0.20009136,0.017522505,0.024758602,0.001567638,
0097_02.png,0.7216198,0.042438738,0.046771906,0.026688552,0.21154225,0.013652154,0.020066075,0.002712076,
0101_02.png,0.7683383,0.024110936,0.034306727,0.01605268,0.17883134,0.0068354383,0.018523632,0.0016989945,
0102_03.png,0.47868586,0.0399178,0.21578717,0.011731652,0.2693378,0.035058998,0.0361892,0.0024957985,
0105_01.png,0.49836254,0.035771437,0.16067642,0.011166458,0.23777437,0.01717723,0.103186645,0.019527119,
0105_03.png,0.72821504,0.03316681,0.053446643,0.022539988,0.20048662,0.009982881,0.017851679,0.0012919279,
0105_06.png,0.47822753,0.046672795,0.21392818,0.020044908,0.28142446,0.037539303,0.026419837,0.0020630097,
0113_01.png,0.76799583,0.017760634,0.02905408,0.013446212,0.18123552,0.0022872344,0.021714564,0.0033629602,
0113_02.png,0.65267503,0.028560497,0.08075159,0.015680242,0.2453886,0.012237638,0.021184769,0.0014260269,
0116_03.png,0.42403904,0.02788029,0.24337521,0.022252457,0.30385163,0.028565722,0.028734133,0.002642613,
0116_05.png,0.37513918,0.029632175,0.16705029,0.019925043,0.27656567,0.01726701,0.18124485,0.028574873,
0117_01.png,0.54316294,0.06376239,0.18308787,0.035227086,0.24983796,0.035827573,0.023911191,0.0013735818,
0119_02.png,0.29703104,0.02666401,0.33085322,0.031936005,0.35090044,0.055437207,0.021215254,0.0020494938,
0123_03.png,0.551089,0.038207553,0.15042594,0.015601322,0.2634147,0.02505092,0.03507038,0.004222567,
0126_02.png,0.7475394,0.025382461,0.036352925,0.01812215,0.19594364,0.006179354,0.020164015,0.0021941361,
0126_05.png,0.30277008,0.02519327,0.3134576,0.025502082,0.28288025,0.041609503,0.100892104,0.01947166,
0126_10.png,0.17511407,0.028844347,0.17547174,0.043112796,0.22388211,0.005865104,0.42553204,0.072097294,
0130_01.png,0.78236705,0.016842015,0.026242137,0.011806465,0.17183112,0.003796664,0.019559722,0.0024547856,
0135_02.png,0.66679066,0.032928046,0.09209816,0.020190721,0.21954942,0.016259685,0.021561736,0.0006829559,
0135_05.png,0.34863466,0.0278032,0.30168658,0.018562501,0.31322727,0.039697267,0.036451466,0.0086791525,
0148_02.png,0.737815,0.025650138,0.051820032,0.014834658,0.18807416,0.009643201,0.022290712,0.0017302037,
0148_04.png,0.28889507,0.034638733,0.26691136,0.036126,0.2519802,0.025366941,0.19221334,0.06256939,
0149_01.png,0.7195892,0.05142772,0.072917305,0.038243596,0.18064146,0.0109728705,0.026851976,0.0047220956,
0150_03.png,0.60025483,0.056283556,0.16687295,0.028451264,0.19358864,0.022773756,0.039283596,0.0070390776,
0151_05.png,0.37861001,0.02528763,0.2439971,0.025612237,0.2848449,0.027214091,0.09254798,0.020347184,
0153_03.png,0.04474304,0.011533688,0.022580706,0.005585575,0.19740672,0.011519011,0.7352696,0.02827072,
0155_02.png,0.5301285,0.037346847,0.19476736,0.014949332,0.25262967,0.030153617,0.02247447,0.00096155057,
0156_03.png,0.7415942,0.02457147,0.0427048,0.014074397,0.19368578,0.009591962,0.022015173,0.0017956228,
0162_02.png,0.704261,0.05111335,0.080651104,0.03637855,0.1905297,0.014094537,0.024558216,0.0024956984,
0163_01.png,0.740195,0.025946831,0.048628327,0.017070051,0.19001335,0.00800849,0.02116335,0.0016479599,
0163_02.png,0.53573173,0.054797202,0.1400849,0.00722205,0.25924325,0.026851654,0.0649401,0.02346063,
0166_02.png,0.75984997,0.027051354,0.03955806,0.016192574,0.18351546,0.008560045,0.017076436,0.0025470909,
0167_01.png,0.35638922,0.05097451,0.33338133,0.019601962,0.28413886,0.056152422,0.026090637,0.0013821999,
0169_05.png,0.7616465,0.022457542,0.03487949,0.014134109,0.18380298,0.006985842,0.019671038,0.0019010305,
0173_01.png,0.73701596,0.025391998,0.048116338,0.018044733,0.19251752,0.0070099705,0.022350207,0.003015091,
0174_01.png,0.6426813,0.040830277,0.13509303,0.019419193,0.19565794,0.024274629,0.026567752,0.0014091982,
0175_04.png,0.2828119,0.031195527,0.34743565,0.026744727,0.3263589,0.049406625,0.04339354,0.0056959013,
0176_03.png,0.2441508,0.043585096,0.4219852,0.031085407,0.31375018,0.06773051,0.020113839,0.002527609,
0182_03.png,0.7400731,0.02834219,0.039161135,0.019267268,0.19851936,0.0053174733,0.022246443,0.0047017033,
0183_02.png,0.025797501,0.0058092517,0.015869444,0.004040375,0.18182684,0.017457021,0.77650625,0.027044695,
0184_01.png,0.7269601,0.03308134,0.05786999,0.020167412,0.19254991,0.0116411345,0.022619981,0.0019128085,
0184_02.png,0.7336939,0.044452887,0.06925154,0.031675965,0.17503817,0.012284549,0.022016373,0.00191483,
0188_01.png,0.48115078,0.025257042,0.22932772,0.028965285,0.2685333,0.0316291,0.020988222,0.0007328092,
0189_01.png,0.67267656,0.046800762,0.0993823,0.02879451,0.2004002,0.018415976,0.027540943,0.002711688,
0194_05.png,0.37734598,0.034653462,0.2374545,0.023641882,0.25001997,0.019812422,0.13517958,0.03481654,
199_01.png,0.72795296,0.02412631,0.070483156,0.015477079,0.17801121,0.009874341,0.023552662,0.0014185464,
200_02.png,0.029034814,0.005330943,0.019390836,0.00444961,0.17413047,0.012364941,0.77744395,0.021974476,
201_03.png,0.6665411,0.06381378,0.12768476,0.04677201,0.18097657,0.017397458,0.024797564,0.0018071652,
203_03.png,0.5950753,0.051961377,0.119985566,0.017333573,0.25989014,0.030776396,0.025048956,0.0041373754,
204_05.png,0.22210428,0.026746368,0.15629163,0.017055424,0.23348734,0.011405831,0.38811675,0.039000664,
205_01.png,0.75635123,0.028157135,0.041220017,0.018910054,0.18326838,0.008710836,0.019160375,0.0013909839,
209_01.png,0.6932024,0.04833676,0.08299776,0.027561702,0.20511122,0.019967265,0.018688625,0.0014268034,
211_01.png,0.530457,0.075772725,0.20324679,0.033071395,0.2445695,0.04531571,0.021726677,0.0016177096,
212_01.png,0.15932539,0.048791956,0.108272776,0.037181374,0.20010917,0.0075570266,0.53229266,0.09227392,
212_02.png,0.11065452,0.04522296,0.066285156,0.027306812,0.20377497,0.0074695707,0.6192854,0.07836399,
213_02.png,0.07604222,0.028367525,0.041301258,0.015640678,0.18693575,0.009329881,0.6957208,0.052658495,
215_01.png,0.63649946,0.051780555,0.09739642,0.021883748,0.24747448,0.029472264,0.01862966,0.0018012448,
215_03.png,0.68112457,0.05066258,0.10363641,0.03509678,0.18964604,0.015564215,0.025592947,0.0023798414,
216_03.png,0.64094245,0.055868395,0.1350979,0.033139795,0.19723432,0.0241534,0.026725277,0.0029621364,
221_06.png,0.3223241,0.039161988,0.31877056,0.024122687,0.3359486,0.060433123,0.022956742,0.0016595926,
221_07.png,0.35290554,0.024515776,0.31163865,0.027959546,0.3121251,0.039909437,0.023330716,0.0018567216,
237_04.png,0.5575849,0.051195875,0.20044903,0.05370615,0.2180812,0.026309613,0.023884842,0.0018863503,
243_01.png,0.22406264,0.038283248,0.14178239,0.01817334,0.24103358,0.020398024,0.39312142,0.06348391,
251_01.png,0.2933175,0.018238604,0.29061618,0.029372977,0.34938487,0.042621803,0.06668146,0.0048787375,
255_01.png,0.112895645,0.042600587,0.052460276,0.017241316,0.1927605,0.0056436574,0.6418836,0.06458466,
255_02.png,0.034199014,0.012386795,0.020444166,0.0073413835,0.18393523,0.01410741,0.7614216,0.032997046,
257_02.png,0.37791133,0.030956306,0.23880228,0.008678129,0.2532124,0.026581215,0.13007401,0.01897339,
258_03.png,0.5659436,0.040512312,0.22107732,0.016168328,0.18943869,0.026351206,0.023540366,0.00077708974,
262_02.png,0.5876025,0.053018298,0.12408018,0.020968819,0.26819462,0.033905193,0.020122664,0.0012,
275_07.png,0.7231354,0.032892257,0.060713787,0.01999723,0.19862998,0.012172722,0.017520852,0.0013923331,
277_01.png,0.17506266,0.022029404,0.16992855,0.020774905,0.23420605,0.012448087,0.42080274,0.038832206,
279_01.png,0.39423066,0.0045858026,0.23817904,0.024805887,0.33388394,0.024888841,0.033706386,0.0024242355,
281_01.png,0.034927875,0.010071797,0.02254853,0.0071035884,0.20014143,0.01558516,0.74238217,0.032431487,
282_01.png,0.21612664,0.021497142,0.138587,0.017137833,0.2565815,0.020817904,0.38870487,0.034455754,
283_01.png,0.66497344,0.10566433,0.065536216,0.04062959,0.20541306,0.020708112,0.06407724,0.045786407,
283_03.png,0.38391644,0.015817944,0.30808163,0.030808076,0.26119286,0.028648272,0.046809126,0.009737808,
288_01.png,0.73575073,0.034858957,0.055628486,0.0206793,0.18316594,0.011231596,0.025454853,0.00337445,
292_03.png,0.52115405,0.049504295,0.1747962,0.015736397,0.2751569,0.035748724,0.028892893,0.0014693881,
294_03.png,0.4525597,0.034934875,0.29164863,0.00903168,0.2357426,0.04256805,0.020049078,0.00046230492,
300_07.png,0.10992664,0.03840224,0.09932955,0.034745272,0.19182555,0.0061027356,0.59891826,0.075135484,
301_05.png,0.73408365,0.036238063,0.05605622,0.026657332,0.18704443,0.008451751,0.022815721,0.0018648147,
301_07.png,0.38664573,0.015573728,0.25994927,0.029380837,0.33119678,0.028435528,0.022208232,0.002243968,
302_02.png,0.72228533,0.045265898,0.07769604,0.032526936,0.1747244,0.012094263,0.025294248,0.001969882,
304_01.png,0.23640922,0.046628617,0.116442285,0.020227155,0.230153,0.008070629,0.41699553,0.06793348,
306_02.png,0.05909707,0.014379507,0.025624081,0.005599402,0.2162255,0.014546859,0.69905335,0.034155343,
307_01.png,0.7120453,0.029541641,0.04512566,0.018433658,0.22257313,0.01005276,0.020255886,0.0026125486,
309_04.png,0.39255756,0.059149124,0.29369816,0.022769442,0.29314473,0.05283376,0.020599537,0.0016773379,
310_02.png,0.67778265,0.067170754,0.08811755,0.036190003,0.21264164,0.029056914,0.021458203,0.002261204,
310_03.png,0.5901764,0.057272226,0.15977557,0.025259942,0.22663653,0.032312047,0.023411516,0.0008480748,
311_02.png,0.41126856,0.0354915,0.28182325,0.02841166,0.28377524,0.0517718,0.023132917,0.0009513718,
311_04.png,0.38360944,0.053001598,0.2887165,0.016335405,0.30591926,0.062079128,0.0217548,0.0016265438,
319_01.png,0.34291667,0.023435965,0.24619278,0.015877241,0.21564403,0.015644185,0.1952465,0.016638186,
319_05.png,0.705558,0.03169821,0.08357151,0.022018412,0.18841211,0.009839778,0.022458272,0.0015772188,
319_06.png,0.3855362,0.02530096,0.32008937,0.015126274,0.23194686,0.02613272,0.06242759,0.011163496,
322_01.png,0.029915491,0.00667168,0.015771378,0.0036962286,0.19220185,0.019353436,0.7621113,0.02925431,
324_02.png,0.31330574,0.039442625,0.33381763,0.01607315,0.33142072,0.053936854,0.021455944,0.0021613017,
326_03.png,0.63172024,0.053800166,0.14122725,0.030517798,0.18922773,0.020252397,0.037824787,0.0046894522,
328_01.png,0.72163135,0.023752745,0.05123954,0.01763181,0.2003767,0.0051064384,0.02675246,0.002310034,
329_03.png,0.30818242,0.013443252,0.27893806,0.025848301,0.28475362,0.026437506,0.12812588,0.014815837,
333_02.png,0.61021966,0.060463365,0.15626915,0.02714104,0.2026517,0.031516943,0.03085948,0.0026312,
338_04.png,0.3262078,0.008237603,0.30080295,0.028343718,0.33878112,0.032145325,0.03420818,0.004470636,
339_01.png,0.59977126,0.07627127,0.14794607,0.059808582,0.21018818,0.016524056,0.04209452,0.004896305,
341_02.png,0.34427816,0.020490097,0.23451309,0.017565656,0.261751,0.026461272,0.15945777,0.021273796,
341_04.png,0.3851356,0.024490662,0.2537919,0.017735442,0.24835975,0.02498414,0.1127128,0.017180577,
344_02.png,0.44563112,0.036194947,0.26645437,0.0066878037,0.2678028,0.033638716,0.020111661,0.001476618,
345_01.png,0.33571544,0.014857707,0.2842163,0.016570646,0.2580522,0.029432232,0.12201605,0.022446651,
345_03.png,0.46451145,0.059682816,0.21786726,0.013071939,0.19745675,0.020504922,0.12016451,0.042759854,
347_01.png,0.71737057,0.038774267,0.066715434,0.026068775,0.19380209,0.01279131,0.022111936,0.001129055,
347_04.png,0.44165486,0.056015026,0.23893444,0.019892251,0.24848685,0.026121806,0.07092386,0.023252819,
350_04.png,0.38000527,0.01007292,0.25015807,0.011844473,0.27772763,0.023922231,0.09210905,0.019796573,
352_01.png,0.59560597,0.05975056,0.14124624,0.03146837,0.24192965,0.029197415,0.021218201,0.0006859376,
352_04.png,0.589136,0.049696207,0.17215228,0.027216075,0.194513,0.01823259,0.0441987,0.006256844,
353_05.png,0.4496281,0.032917436,0.15631235,0.011132936,0.29534492,0.02230651,0.09871459,0.010435173,
357_02.png,0.7457928,0.015715955,0.035571117,0.014452523,0.20043671,0.003996205,0.018199317,0.0014339248,
361_02.png,0.66350806,0.055624016,0.10735755,0.030508256,0.2081844,0.02652833,0.020950023,0.00089856616,
365_01.png,0.61507416,0.06653275,0.10573451,0.027774965,0.2238398,0.020088606,0.055351496,0.021216638,
367_01.png,0.3441461,0.04101588,0.237143,0.01378266,0.30747476,0.03808449,0.111236095,0.030411854,
368_01.png,0.6169157,0.05405007,0.13891603,0.032066688,0.21880814,0.024433779,0.025360107,0.0014751919,
369_01.png,0.7459097,0.02837826,0.039382525,0.019955738,0.19261746,0.0058865533,0.022090344,0.00350734,
369_03.png,0.7135974,0.034403853,0.06845994,0.021321006,0.19685388,0.012726445,0.02108882,0.0015965685,
392_01.png,0.7845968,0.016133146,0.024357446,0.01212908,0.1739926,0.0036451272,0.017053083,0.0015370388,
392_07.png,0.5498131,0.032079455,0.15252356,0.012192632,0.22375628,0.015488341,0.07390709,0.016105121,
399_01.png,0.5312382,0.04938215,0.21299377,0.022247637,0.2292364,0.038634542,0.02653172,0.0015268563,
399_02.png,0.427073,0.07211818,0.18256862,0.02570844,0.23369475,0.019892214,0.15666363,0.033473175,
400_01.png,0.53612626,0.038019046,0.20095661,0.018868446,0.24030209,0.0295936,0.022615038,0.0012323713,
401_01.png,0.7447811,0.0305594,0.046062276,0.019666882,0.18325739,0.007901541,0.025899287,0.0035193858,
401_02.png,0.5342485,0.034224365,0.18650961,0.011705937,0.23437145,0.023683123,0.044870574,0.0051651355,
402_01.png,0.5714537,0.030254057,0.18751979,0.010571017,0.21334413,0.02540183,0.027682427,0.00087930757,
404_01.png,0.2190967,0.042122453,0.13989183,0.027780473,0.22295952,0.008203288,0.41805202,0.06517731,
406_02.png,0.0918772,0.027342947,0.05992954,0.019381044,0.18959141,0.005252298,0.6586019,0.05191368,
412_02.png,0.6133386,0.029508421,0.11499506,0.014097143,0.2515209,0.0197629,0.020145437,0.00082391425,
414_07.png,0.55910635,0.040455934,0.1760033,0.018830147,0.24288419,0.025706,0.022006182,0.0011168208,
421_02.png,0.2643904,0.06497565,0.12260336,0.024632627,0.19418205,0.0057951435,0.41882426,0.08608448,
428_01.png,0.60283697,0.055839732,0.11303933,0.026024124,0.26048023,0.028790554,0.023643415,0.0023054313,
430_02.png,0.37301546,0.03648416,0.24009903,0.012078356,0.23588434,0.02709943,0.15100116,0.020192886,
430_04.png,0.28645223,0.009239393,0.27751222,0.016451817,0.2674619,0.035060078,0.16857366,0.024569038,
432_04.png,0.03967116,0.010438591,0.01927742,0.0051360475,0.21075793,0.019359397,0.7302936,0.03445976,
433_02.png,0.4251546,0.026062354,0.27152252,0.0162337,0.27496013,0.035843864,0.028362736,0.00076354493,
434_02.png,0.041815758,0.009625603,0.020475615,0.00442065,0.21247964,0.015173072,0.72522897,0.02689368,
436_04.png,0.45872632,0.04220918,0.2508266,0.012699135,0.25914496,0.032132935,0.031302165,0.0026197368,
436_06.png,0.7577473,0.021210365,0.038235955,0.013813179,0.18393591,0.0067943907,0.020080805,0.0014212945,
438_01.png,0.7152926,0.032846004,0.0507495,0.016750015,0.21479383,0.015110227,0.01916414,0.0015418701,
439_04.png,0.097156495,0.032328274,0.084283814,0.032019302,0.19513223,0.005551178,0.6234275,0.06684412,
444_01.png,0.2278601,0.0407674,0.07662821,0.00897498,0.20261867,0.006218445,0.49289304,0.045524873,
446_01.png,0.4006564,0.033144645,0.2842455,0.015856873,0.2702576,0.033574432,0.044840507,0.011932584,
451_01.png,0.32993418,0.022245372,0.1742679,0.023299811,0.22070786,0.011019794,0.27509007,0.036917724,
452_01.png,0.71716225,0.03791243,0.06712078,0.02486513,0.19830981,0.014409491,0.017407183,0.0009138304,
456_04.png,0.38922745,0.045735836,0.31755072,0.020403849,0.2725347,0.042234775,0.020687167,0.0017535727,
457_04.png,0.46012387,0.024743471,0.14949888,0.016320093,0.2702574,0.01180864,0.120119825,0.008389616,
460_02.png,0.559571,0.035691388,0.1501073,0.016755404,0.25558662,0.019313587,0.034735028,0.0037070226,
462_01.png,0.042569384,0.0099593,0.022949297,0.0056701824,0.19072977,0.014083554,0.7437515,0.029226637,
462_02.png,0.37980267,0.02289745,0.19211873,0.017099798,0.24625222,0.019605653,0.18182638,0.028232135,
467_02.png,0.7220132,0.037364442,0.06424139,0.024398787,0.18973072,0.010647944,0.024014676,0.0030069216,
471_02.png,0.53724384,0.047655284,0.21522823,0.014729553,0.2205995,0.034864906,0.026928429,0.0008572141,
474_01.png,0.77336377,0.018975064,0.02928539,0.012283375,0.17748992,0.004285358,0.01986084,0.002952319,
483_02.png,0.50827247,0.039829135,0.22128496,0.012977041,0.21589413,0.02329658,0.054548394,0.00814883,
484_01.png,0.6650304,0.04375871,0.10157186,0.023809897,0.21075824,0.021305175,0.022639496,0.0006935873,
495_03.png,0.7484392,0.02158362,0.0395147,0.015911946,0.1880779,0.0044596856,0.0239682,0.002304756,
496_01.png,0.5845801,0.041522283,0.16308472,0.021401301,0.23210764,0.025817703,0.020227488,0.0010907693,
496_06.png,0.4304281,0.027997365,0.24753956,0.009156463,0.29084757,0.03333044,0.031184822,0.0021505188,
504_01.png,0.76075256,0.019355489,0.029460644,0.017294725,0.18738297,0.002501171,0.022403777,0.002941145,
505_01.png,0.3158773,0.009541613,0.30040196,0.030986888,0.35482925,0.027979117,0.028891508,0.0016242288,
508_01.png,0.0926404,0.030823018,0.066733636,0.026910556,0.19064233,0.010757113,0.64998364,0.067378595,
508_02.png,0.2822475,0.020833852,0.22865827,0.012299781,0.21970613,0.018672768,0.2693881,0.031782907,
511_01.png,0.7268532,0.030578133,0.061876487,0.022596946,0.17744157,0.006986246,0.033828817,0.0043856413,
512_01.png,0.60936767,0.055820934,0.15537322,0.037444767,0.20476082,0.019748665,0.03049832,0.0012191453,
516_01.png,0.6682826,0.049939163,0.10375359,0.02791642,0.20553693,0.020611182,0.022426885,0.002071659,
519_01.png,0.4940061,0.017685464,0.19805343,0.015100473,0.2795628,0.025709365,0.028377676,0.001902432,
523_02.png,0.22467017,0.039154716,0.12432263,0.02413013,0.20974377,0.008795542,0.44126338,0.059429865,
524_03.png,0.19976263,0.049303886,0.13526055,0.031142699,0.22555177,0.006414036,0.439425,0.07806142,
525_02.png,0.5402136,0.031219048,0.18147448,0.008516357,0.25567013,0.03055368,0.022641787,0.00073944544,
528_03.png,0.7264346,0.03918557,0.062347554,0.02615196,0.19227353,0.012497966,0.018944275,0.0011985494,
529_02.png,0.59320533,0.040543005,0.1679214,0.02085447,0.21145096,0.02250671,0.02742233,0.00096329843,
531_02.png,0.47557577,0.026255501,0.19241397,0.025545673,0.30800614,0.02193879,0.024004102,0.0012204794,
537_01.png,0.45515093,0.060372747,0.23211086,0.032581083,0.2919041,0.042584196,0.020834103,0.0018409274,
539_02.png,0.69723797,0.02375105,0.084993124,0.014914616,0.19688216,0.010198171,0.020886736,0.0011397258,
541_01.png,0.28891867,0.019848607,0.3060394,0.023249032,0.29822725,0.04419638,0.1068147,0.03508251,
545_01.png,0.2523486,0.04250972,0.4048745,0.027360303,0.31835762,0.06119462,0.024419311,0.0028313035,
547_05.png,0.70900947,0.03313856,0.058101583,0.022647392,0.21149735,0.01077577,0.021391649,0.0017076271,
549_01.png,0.6335721,0.06829534,0.12837543,0.045637738,0.20479581,0.021469692,0.033256676,0.003927159,
556_01.png,0.6818856,0.043020222,0.08004527,0.0279841,0.21227035,0.015625078,0.025798801,0.0015848186,
558_02.png,0.3656445,0.016843282,0.27493897,0.012436337,0.27918306,0.026347727,0.08023352,0.010431505,
560_01.png,0.50080526,0.012230721,0.17416748,0.010220982,0.28698802,0.017283693,0.038039334,0.0048747733,
560_02.png,0.7190162,0.038967967,0.05125472,0.025967676,0.206253,0.011575612,0.02347608,0.0023053016,
563_01.png,0.62876236,0.05235844,0.11591718,0.030308709,0.23290639,0.024445537,0.022414012,0.0010206206,
564_03.png,0.28562182,0.018756304,0.3140832,0.042853907,0.37656814,0.029630695,0.023726847,0.0024367177,
573_01.png,0.04010459,0.008209859,0.02147534,0.0050120195,0.19903944,0.018742107,0.73938066,0.031707194,
574_01.png,0.13839279,0.027541826,0.07235466,0.017051142,0.20130634,0.005939506,0.5879462,0.049094707,
579_01.png,0.7358165,0.037393585,0.045413546,0.025357675,0.20090453,0.011403964,0.01786543,0.0018410748,
587_02.png,0.17246887,0.048090685,0.108309984,0.032324832,0.2227995,0.010499038,0.49642164,0.08772003,
588_04.png,0.38998818,0.025343338,0.2733968,0.016769525,0.31689537,0.038136967,0.019719673,0.0013396168,
588_10.png,0.3938704,0.019616108,0.2644315,0.019511519,0.32007116,0.037414167,0.021626912,0.0012096267,
591_03.png,0.5709375,0.09321867,0.17088254,0.042371564,0.22561283,0.046406776,0.032567132,0.008355998,
600_04.png,0.059477717,0.019136645,0.022286642,0.006134943,0.20491898,0.014392603,0.71331674,0.03883895,
602_03.png,0.5078241,0.037253346,0.20099619,0.014333048,0.233493,0.023839729,0.057686698,0.0077872663,
603_03.png,0.597806,0.043807447,0.16153064,0.031877328,0.21708551,0.018952144,0.023577882,0.0007768023,
607_06.png,0.71081454,0.030170381,0.06877098,0.022512855,0.19148321,0.0070443144,0.028931255,0.0024183108,
608_01.png,0.26999253,0.023102567,0.21557169,0.01201984,0.24264857,0.017197324,0.27178723,0.028777698,
608_02.png,0.6299408,0.049262993,0.115336634,0.039989952,0.22895376,0.015518242,0.025768802,0.0023944925,
608_03.png,0.602716,0.043173794,0.07995553,0.018114949,0.25174698,0.013496938,0.06558149,0.01332285,
611_01.png,0.52013254,0.014026079,0.1647954,0.019929184,0.2901747,0.019896083,0.024897367,0.0011463491,
615_02.png,0.5727347,0.04006129,0.15974222,0.021137338,0.2423478,0.022259427,0.025175314,0.0014763526,
616_02.png,0.33563155,0.012123928,0.23127273,0.015305711,0.26339766,0.024404984,0.16969809,0.027185213,
618_02.png,0.45175713,0.028498795,0.20555982,0.010713323,0.2909542,0.028808735,0.051728833,0.0047562723,
626_09.png,0.22690316,0.035270244,0.108666465,0.017884523,0.20150034,0.009123675,0.46293002,0.056066208,
628_02.png,0.58627474,0.047309853,0.14380483,0.01858333,0.24376352,0.02854098,0.026156943,0.0023474197,
629_05.png,0.50981015,0.06029465,0.23351327,0.04814226,0.23667097,0.029592916,0.020005621,0.00083836867,
632_03.png,0.661333,0.044134207,0.08828638,0.021709139,0.22828838,0.02158321,0.022092247,0.0026329802,
634_01.png,0.572111,0.06579734,0.17578171,0.030461835,0.2107565,0.028895041,0.04135079,0.0086775385,
634_05.png,0.46944395,0.03378946,0.18534084,0.01758706,0.2289879,0.01731629,0.116227314,0.022483718,
636_07.png,0.44375858,0.013734112,0.2670858,0.022328576,0.21748419,0.020841809,0.07167147,0.007686924,
636_08.png,0.73378474,0.029137373,0.062713355,0.0188165,0.1839287,0.010268141,0.019573228,0.0014558424,
639_06.png,0.6986308,0.031242419,0.035745293,0.017308658,0.24310255,0.013505778,0.022521334,0.0037842705,
640_03.png,0.58476436,0.05930268,0.1741983,0.027159646,0.21046928,0.0313566,0.030568102,0.0031912508,
641_01.png,0.72145927,0.040846583,0.05299734,0.024903743,0.20449619,0.014421589,0.021047212,0.0022400487,
643_02.png,0.59149224,0.026491696,0.13856474,0.018288946,0.24647656,0.022521155,0.023466507,0.0009793845,
648_09.png,0.73232067,0.04056548,0.05187984,0.025268206,0.1913316,0.012659768,0.02446794,0.0031002085,
649_05.png,0.32386392,0.019873586,0.25516635,0.024368409,0.25067943,0.022340503,0.17029029,0.042537257,
652_04.png,0.58033514,0.011083468,0.16191511,0.018805485,0.23929238,0.019174574,0.018457372,0.000710627,
658_01.png,0.7079788,0.029799465,0.06582024,0.01765093,0.20565088,0.013562248,0.02055014,0.0010436483,
659_01.png,0.19749004,0.047028985,0.114322826,0.022087043,0.21090567,0.008384827,0.47728148,0.06985061,
660_03.png,0.05166305,0.01212828,0.024731552,0.006031956,0.2018433,0.013666736,0.72176206,0.031225886,
661_02.png,0.38547283,0.022068491,0.21279928,0.01376286,0.29906583,0.027029272,0.10266204,0.021762557,
662_01.png,0.27023616,0.032227654,0.15915127,0.015170956,0.25955972,0.025493838,0.31105286,0.049642053,
664_01.png,0.7514734,0.021772357,0.037015967,0.016047128,0.19206114,0.0053582573,0.019449506,0.0011725717,
667_02.png,0.75463265,0.025268845,0.04059527,0.015400909,0.18593486,0.008970637,0.0188372,0.00144418,
671_01.png,0.6100751,0.044355955,0.14704627,0.035025682,0.22393084,0.017629245,0.018947858,0.00047915598,
677_01.png,0.34822008,0.05449027,0.28864074,0.02327652,0.3436504,0.04637333,0.019488757,0.0022650599,
678_01.png,0.65523034,0.03924856,0.085827336,0.025801977,0.22037968,0.01063,0.038562644,0.0067131068,
687_01.png,0.7297499,0.024989333,0.047499172,0.01822507,0.19912426,0.005102657,0.023626642,0.003223858,
689_01.png,0.5852101,0.06814701,0.18568209,0.034472913,0.19863902,0.033226606,0.030468857,0.003053875,
689_02.png,0.6521249,0.07256807,0.11953344,0.045290224,0.20401335,0.026370838,0.024328275,0.0022741477,
693_01.png,0.5291145,0.017642533,0.19676328,0.012971313,0.24642435,0.020692576,0.027697865,0.0012317989,
702_01.png,0.26711848,0.022379724,0.18382075,0.018360924,0.24789664,0.011011383,0.30116412,0.037965883,
704_02.png,0.64144725,0.05339414,0.1290063,0.030331489,0.20817128,0.02380872,0.0213752,0.0010286928,
708_02.png,0.17828466,0.048026145,0.09645997,0.025141755,0.22432287,0.009233571,0.5009325,0.07894399,
710_02.png,0.4386537,0.018204477,0.24215731,0.033254195,0.28831044,0.025138503,0.03087857,0.0020960602,
720_01.png,0.5100075,0.025425447,0.24374466,0.008997979,0.21775079,0.02471464,0.028497096,0.00089281646,
736_02.png,0.5249971,0.064662345,0.08762632,0.012091374,0.29204875,0.033204913,0.09532781,0.026193438,
746_01.png,0.11358813,0.026708374,0.07555597,0.01864051,0.22161189,0.01059223,0.589244,0.05052793,
755_01.png,0.6264668,0.037905402,0.13199916,0.018719483,0.2140686,0.018873611,0.027465452,0.0020184726,
757_01.png,0.75315225,0.026183259,0.0405237,0.016012238,0.18359597,0.008159799,0.022728112,0.0027295349,
759_01.png,0.4316894,0.030967586,0.26575115,0.018771058,0.27134648,0.033518385,0.031212965,0.002239716,
759_03.png,0.60047597,0.054795366,0.16482052,0.027161779,0.20270488,0.02654575,0.0319986,0.003704643,
761_02.png,0.7272518,0.030523632,0.050995775,0.02020847,0.19928727,0.009390048,0.022465179,0.0016914211,
762_01.png,0.3826974,0.059894558,0.18254197,0.017807717,0.23115937,0.0140746,0.20360127,0.057752118,
770_01.png,0.6768553,0.03216727,0.11168543,0.024872078,0.17480415,0.010409866,0.036655106,0.0025273664,
781_05.png,0.5639095,0.06374456,0.20672639,0.037154093,0.20236441,0.0283463,0.026999732,0.0011339675,
784_01.png,0.42377186,0.031015294,0.26127982,0.011286882,0.2943172,0.0374992,0.02063113,0.0014331873,
784_02.png,0.40885854,0.018774668,0.30211028,0.013525836,0.24527177,0.028474987,0.043759424,0.008593507,
790_03.png,0.71407396,0.031443983,0.07192488,0.022558218,0.18872827,0.008377613,0.02527288,0.0017572771,
791_01.png,0.72522366,0.037508618,0.07573152,0.025219884,0.1726537,0.01100778,0.026391169,0.002210833,
807_02.png,0.36062118,0.01904817,0.20637305,0.022149961,0.24002855,0.011112302,0.19297716,0.02818351,
811_02.png,0.73942363,0.022039067,0.053888075,0.014199471,0.17877975,0.006669416,0.027908528,0.0026369593,
813_02.png,0.4575595,0.036966745,0.24871647,0.006358956,0.2695727,0.037153777,0.02415136,0.0017904287,
819_01.png,0.38527498,0.023252733,0.2565455,0.013465315,0.23341636,0.022569852,0.124763176,0.014372167,
824_02.png,0.44716415,0.06548856,0.2653426,0.02012898,0.2645008,0.05044991,0.022992458,0.0019099972,
824_03.png,0.4522527,0.043979514,0.17724696,0.015831552,0.20892537,0.015168305,0.16157503,0.026301032,
830_01.png,0.4268886,0.059788108,0.23786852,0.024260636,0.30978727,0.048745938,0.02545558,0.0015429833,
832_01.png,0.653273,0.039630387,0.1001641,0.025219811,0.22665274,0.01807523,0.019910138,0.00082923163,
832_02.png,0.4300831,0.032813337,0.24742916,0.01174528,0.28484234,0.03271962,0.037645422,0.003444443,
833_02.png,0.724439,0.026305603,0.04593268,0.021224575,0.20129721,0.004566968,0.028331032,0.0034448581,
835_05.png,0.6813223,0.021090358,0.054486357,0.013832018,0.24199471,0.006453411,0.022196662,0.0018499007,
836_01.png,0.67704225,0.028542198,0.108279444,0.022403106,0.19171214,0.0098546725,0.022966156,0.0009560109,
837_01.png,0.7407589,0.023315152,0.03857228,0.017931795,0.19511975,0.003987173,0.025549063,0.0033326277,
837_02.png,0.36426038,0.014863328,0.26370308,0.014969925,0.3150371,0.029807083,0.056999456,0.009491023,
